schema_version,row_id,record_type,source_record_id,repo_feature_id,feature_name,product_domain,feature_intent,implementation_state,requirement_status,requirement_priority,requirement_source,capability_role,parent_requirement_id,implemented_scope,missing_scope,repo_paths,source_commit,source_url,test_evidence,deployment_state,funcoes_fundamentais_gestao_projetos,funcoes_executivas_area_gestao_projetos,capacidades_humanas_operacionais_exigidas,funcao_deficit_tdah,fonte_clinica,fonte_cientifica,funcao_executiva_cognitiva,evidencia,impacto_operacional_funcao_afetada,impacto_operacional_mecanismo,impacto_operacional_consequencia,impacto_operacional_compensacao,principio_compensatorio,funcao_produto,mecanismo_operacional,implementacao_tecnica,conclusao_produto_design,classe_epistemica,estado_validacao,correlation_status,observacoes,delivery_tier,delivery_order,depends_on,definition_of_done,acceptance_criteria
2.2.0,FTR-001,feature,PROD-ND-011,RF-001,Project Index / Portfolio,Projeto,"Listar, abrir e acompanhar projetos do workspace",implemented_code,not_applicable,,,,,"Portfolio com múltiplos projetos, estado, progresso e acesso ao plano",,src/app/(app)/dashboard/workspace/page.tsx;src/persistence/execution-repository.ts,8adab704e4f90f9f19bb07e8f350ca2573fa6993,https://github.com/Executar-26/Executar-app-scanner/blob/main/src/app/(app)/dashboard/workspace/page.tsx,project-portfolio.test.ts,not_verified,PENDING_TRIANGULATION,PENDING_TRIANGULATION,PENDING_TRIANGULATION,PENDING_RESEARCH,PENDING_RESEARCH,PENDING_RESEARCH,PENDING_RESEARCH,PENDING_TRIANGULATION,PENDING_TRIANGULATION,PENDING_TRIANGULATION,PENDING_TRIANGULATION,PENDING_TRIANGULATION,PENDING_TRIANGULATION,Project Index / Portfolio,"Listar, abrir e acompanhar projetos do workspace",src/app/(app)/dashboard/workspace/page.tsx;src/persistence/execution-repository.ts,PENDING_TRIANGULATION,A_CODE,code_observed,pending,Inventário normalizado a partir da auditoria do main; não implica validação clínica nem deploy verificado.,P0,01,P0-FINAL-01,Comportamento mantido conforme já implementado; nenhum gap aberto identificado nesta triagem V2.2.,"Suíte project-portfolio.test.ts permanece verde; qualquer alteração futura em Project Index / Portfolio preserva o contrato funcional descrito em ""Listar, abrir e acompanhar projetos do workspace""; reclassificar esta linha para gap aberto se uma regressão for observada."
2.2.0,FTR-002,feature,PROD-ND-002;PROD-ND-008,RF-002,Criação progressiva de projeto,Projeto,Criar projeto com baixa fricção inicial,implemented_code,not_applicable,,,,,"Criação persistida de projeto com título, objetivo e primeiro epic",Etapas opcionais completas de template/áreas/responsáveis do FRD ainda não evidenciadas,src/components/projects/project-create-form.tsx;src/lib/project-actions.ts,8adab704e4f90f9f19bb07e8f350ca2573fa6993,https://github.com/Executar-26/Executar-app-scanner/blob/main/src/components/projects/project-create-form.tsx,new-project-entry-contract.test.ts,not_verified,PENDING_TRIANGULATION,PENDING_TRIANGULATION,PENDING_TRIANGULATION,PENDING_RESEARCH,PENDING_RESEARCH,PENDING_RESEARCH,PENDING_RESEARCH,PENDING_TRIANGULATION,PENDING_TRIANGULATION,PENDING_TRIANGULATION,PENDING_TRIANGULATION,PENDING_TRIANGULATION,PENDING_TRIANGULATION,Criação progressiva de projeto,Criar projeto com baixa fricção inicial,src/components/projects/project-create-form.tsx;src/lib/project-actions.ts,PENDING_TRIANGULATION,A_CODE,code_observed,pending,Inventário normalizado a partir da auditoria do main; não implica validação clínica nem deploy verificado.,P0,02,P0-FINAL-01,"Etapas opcionais completas de template/áreas/responsáveis do FRD ainda não evidenciadas. Concluído, integrado ao estado canônico e coberto por teste automatizado.","O comportamento já implementado (Criação persistida de projeto com título, objetivo e primeiro epic) permanece intacto; o gap descrito é fechado sem duplicar fonte de estado; suíte new-project-entry-contract.test.ts estendida para cobrir o gap; revisão confirma que a extensão não introduz um segundo caminho de verdade para Criação progressiva de projeto."
2.2.0,FTR-003,feature,PROD-ND-006;PROD-ND-007,RF-003,Project Overview,Projeto,"Concentrar objetivo, estado, progresso e contexto do plano",partial_code,not_applicable,,,,,Resumo no portfolio e lentes Roadmap/Calendário/Foco,Overview dedicada reunindo objetivo+status+marcos+bloqueadores+sprint+atividade numa única superfície,src/app/(app)/dashboard/workspace/page.tsx;src/app/(app)/dashboard/plans/[planId]/[lens]/page.tsx,8adab704e4f90f9f19bb07e8f350ca2573fa6993,https://github.com/Executar-26/Executar-app-scanner/blob/main/src/app/(app)/dashboard/workspace/page.tsx,,not_verified,PENDING_TRIANGULATION,PENDING_TRIANGULATION,PENDING_TRIANGULATION,PENDING_RESEARCH,PENDING_RESEARCH,PENDING_RESEARCH,PENDING_RESEARCH,PENDING_TRIANGULATION,PENDING_TRIANGULATION,PENDING_TRIANGULATION,PENDING_TRIANGULATION,PENDING_TRIANGULATION,PENDING_TRIANGULATION,Project Overview,"Concentrar objetivo, estado, progresso e contexto do plano",src/app/(app)/dashboard/workspace/page.tsx;src/app/(app)/dashboard/plans/[planId]/[lens]/page.tsx,PENDING_TRIANGULATION,A_CODE_PARTIAL,partial_observed,pending,Inventário normalizado a partir da auditoria do main; não implica validação clínica nem deploy verificado.,P0,03,P0-FINAL-01,"Overview dedicada reunindo objetivo+status+marcos+bloqueadores+sprint+atividade numa única superfície. Concluído, integrado ao estado canônico e coberto por teste automatizado.",O comportamento já implementado (Resumo no portfolio e lentes Roadmap/Calendário/Foco) permanece intacto; o gap descrito é fechado sem duplicar fonte de estado; teste automatizado novo cobre o gap; revisão confirma que a extensão não introduz um segundo caminho de verdade para Project Overview.
2.2.0,FTR-004,feature,PROD-ND-004;PROD-ND-007,RF-004,Views múltiplas,Projeto,Projetar o mesmo estado canônico em visões distintas,implemented_code,not_applicable,,,,,"Roadmap, Calendário, Foco, Fractal, Lista e Kanban sobre o mesmo domínio",Timeline dedicada diferente de Calendário ainda não evidenciada,src/app/(app)/dashboard/plans/[planId]/[lens]/page.tsx;src/components/projects/task-dashboard-views.tsx,8adab704e4f90f9f19bb07e8f350ca2573fa6993,https://github.com/Executar-26/Executar-app-scanner/blob/main/src/app/(app)/dashboard/plans/[planId]/[lens]/page.tsx,task-dashboard.test.ts,not_verified,PENDING_TRIANGULATION,PENDING_TRIANGULATION,PENDING_TRIANGULATION,PENDING_RESEARCH,PENDING_RESEARCH,PENDING_RESEARCH,PENDING_RESEARCH,PENDING_TRIANGULATION,PENDING_TRIANGULATION,PENDING_TRIANGULATION,PENDING_TRIANGULATION,PENDING_TRIANGULATION,PENDING_TRIANGULATION,Views múltiplas,Projetar o mesmo estado canônico em visões distintas,src/app/(app)/dashboard/plans/[planId]/[lens]/page.tsx;src/components/projects/task-dashboard-views.tsx,PENDING_TRIANGULATION,A_CODE,code_observed,pending,Inventário normalizado a partir da auditoria do main; não implica validação clínica nem deploy verificado.,P0,04,P0-FINAL-01,"Timeline dedicada diferente de Calendário ainda não evidenciada. Concluído, integrado ao estado canônico e coberto por teste automatizado.","O comportamento já implementado (Roadmap, Calendário, Foco, Fractal, Lista e Kanban sobre o mesmo domínio) permanece intacto; o gap descrito é fechado sem duplicar fonte de estado; suíte task-dashboard.test.ts estendida para cobrir o gap; revisão confirma que a extensão não introduz um segundo caminho de verdade para Views múltiplas."
2.2.0,FTR-005,feature,PROD-ND-006;PROD-ND-011,RF-005,Action Detail,Execução,Expor detalhe operacional da ação selecionada,partial_code,not_applicable,,,,,"Foco exibe título, resultado, epic, entregável, primeira ação, done-when, steps e estado","Drawer/página completa com descrição, prioridade, assignee, prazo e dependências explícitas",src/components/projects/task-dashboard-views.tsx;src/domain/execution.ts,8adab704e4f90f9f19bb07e8f350ca2573fa6993,https://github.com/Executar-26/Executar-app-scanner/blob/main/src/components/projects/task-dashboard-views.tsx,,not_verified,PENDING_TRIANGULATION,PENDING_TRIANGULATION,PENDING_TRIANGULATION,PENDING_RESEARCH,PENDING_RESEARCH,PENDING_RESEARCH,PENDING_RESEARCH,PENDING_TRIANGULATION,PENDING_TRIANGULATION,PENDING_TRIANGULATION,PENDING_TRIANGULATION,PENDING_TRIANGULATION,PENDING_TRIANGULATION,Action Detail,Expor detalhe operacional da ação selecionada,src/components/projects/task-dashboard-views.tsx;src/domain/execution.ts,PENDING_TRIANGULATION,A_CODE_PARTIAL,partial_observed,pending,Inventário normalizado a partir da auditoria do main; não implica validação clínica nem deploy verificado.,P0,05,P0-FINAL-01;P0-FINAL-02,"Drawer/página completa com descrição, prioridade, assignee, prazo e dependências explícitas. Concluído, integrado ao estado canônico e coberto por teste automatizado.","O comportamento já implementado (Foco exibe título, resultado, epic, entregável, primeira ação, done-when, steps e estado) permanece intacto; o gap descrito é fechado sem duplicar fonte de estado; teste automatizado novo cobre o gap; revisão confirma que a extensão não introduz um segundo caminho de verdade para Action Detail."
2.2.0,FTR-006,feature,PROD-ND-011,RF-006,CRUD operacional,Projeto,Criar e modificar objetos do plano,partial_code,not_applicable,,,,,"Create de projeto/epic/entregável/tarefa, transição de estado e arquivamento de projeto",Update/Delete completos para Project/Area/Deliverable/Action/Sprint não evidenciados,src/lib/project-actions.ts;src/persistence/execution-repository.ts,8adab704e4f90f9f19bb07e8f350ca2573fa6993,https://github.com/Executar-26/Executar-app-scanner/blob/main/src/lib/project-actions.ts,execution-repository.test.ts,not_verified,PENDING_TRIANGULATION,PENDING_TRIANGULATION,PENDING_TRIANGULATION,PENDING_RESEARCH,PENDING_RESEARCH,PENDING_RESEARCH,PENDING_RESEARCH,PENDING_TRIANGULATION,PENDING_TRIANGULATION,PENDING_TRIANGULATION,PENDING_TRIANGULATION,PENDING_TRIANGULATION,PENDING_TRIANGULATION,CRUD operacional,Criar e modificar objetos do plano,src/lib/project-actions.ts;src/persistence/execution-repository.ts,PENDING_TRIANGULATION,A_CODE_PARTIAL,partial_observed,pending,Inventário normalizado a partir da auditoria do main; não implica validação clínica nem deploy verificado.,P0,06,P0-FINAL-01,"Update/Delete completos para Project/Area/Deliverable/Action/Sprint não evidenciados. Concluído, integrado ao estado canônico e coberto por teste automatizado.","O comportamento já implementado (Create de projeto/epic/entregável/tarefa, transição de estado e arquivamento de projeto) permanece intacto; o gap descrito é fechado sem duplicar fonte de estado; suíte execution-repository.test.ts estendida para cobrir o gap; revisão confirma que a extensão não introduz um segundo caminho de verdade para CRUD operacional."
2.2.0,REQ-AUTO-007,requirement,PROD-ND-007,RF-007,Filtros operacionais,Execução,Reduzir conjunto visível por critérios de trabalho,not_implemented,open,core,repo_gap,,,Nenhum filtro global por status/prioridade/assignee/área/entregável/sprint/prazo foi evidenciado,Implementar filtros mínimos do FRD,,8adab704e4f90f9f19bb07e8f350ca2573fa6993,,,not_verified,PENDING_TRIANGULATION,PENDING_TRIANGULATION,PENDING_TRIANGULATION,PENDING_RESEARCH,PENDING_RESEARCH,PENDING_RESEARCH,PENDING_RESEARCH,PENDING_TRIANGULATION,PENDING_TRIANGULATION,PENDING_TRIANGULATION,PENDING_TRIANGULATION,PENDING_TRIANGULATION,PENDING_TRIANGULATION,Filtros operacionais,Reduzir conjunto visível por critérios de trabalho,NOT_IMPLEMENTED,PENDING_TRIANGULATION,D_REQUIREMENT,open_requirement,pending,Inventário normalizado a partir da auditoria do main; não implica validação clínica nem deploy verificado.,P0,07,P0-FINAL-01;P0-FINAL-02,Implementar filtros mínimos do FRD. Comportamento coberto por teste automatizado e registrado com commit rastreável no repositório.,"Dado o objetivo declarado (Reduzir conjunto visível por critérios de trabalho), o comportamento é observável, testável e reproduzível; existe pelo menos um teste automatizado cobrindo o caso principal; nenhuma regressão introduzida nas suítes existentes; feature referenciada em CHANGELOG/PR com link a RF-007."
2.2.0,REQ-AUTO-008,requirement,PROD-ND-006,RF-008,Busca global,Navegação,"Recuperar projeto, entregável e ação por título/código",not_implemented,open,core,repo_gap,,,Nenhuma busca global foi evidenciada,Implementar busca por project/deliverable/action,,8adab704e4f90f9f19bb07e8f350ca2573fa6993,,,not_verified,PENDING_TRIANGULATION,PENDING_TRIANGULATION,PENDING_TRIANGULATION,PENDING_RESEARCH,PENDING_RESEARCH,PENDING_RESEARCH,PENDING_RESEARCH,PENDING_TRIANGULATION,PENDING_TRIANGULATION,PENDING_TRIANGULATION,PENDING_TRIANGULATION,PENDING_TRIANGULATION,PENDING_TRIANGULATION,Busca global,"Recuperar projeto, entregável e ação por título/código",NOT_IMPLEMENTED,PENDING_TRIANGULATION,D_REQUIREMENT,open_requirement,pending,Inventário normalizado a partir da auditoria do main; não implica validação clínica nem deploy verificado.,P1,01,P0-FINAL-01,Implementar busca por project/deliverable/action. Comportamento coberto por teste automatizado e registrado com commit rastreável no repositório.,"Dado o objetivo declarado (Recuperar projeto, entregável e ação por título/código), o comportamento é observável, testável e reproduzível; existe pelo menos um teste automatizado cobrindo o caso principal; nenhuma regressão introduzida nas suítes existentes; feature referenciada em CHANGELOG/PR com link a RF-008."
2.2.0,FTR-009,feature,PROD-ND-006;PROD-ND-020,RF-009,Activity / histórico,Observabilidade,Exibir histórico consultável de mudanças,partial_code,not_applicable,,,,,Eventos de atividade existem no domínio/persistência histórica,Leitura e UI dedicada de Activity não evidenciadas no main atual,supabase/migrations/20260812173000_execution_workspace_full_stack.sql,8adab704e4f90f9f19bb07e8f350ca2573fa6993,https://github.com/Executar-26/Executar-app-scanner/blob/main/supabase/migrations/20260812173000_execution_workspace_full_stack.sql,,not_verified,PENDING_TRIANGULATION,PENDING_TRIANGULATION,PENDING_TRIANGULATION,PENDING_RESEARCH,PENDING_RESEARCH,PENDING_RESEARCH,PENDING_RESEARCH,PENDING_TRIANGULATION,PENDING_TRIANGULATION,PENDING_TRIANGULATION,PENDING_TRIANGULATION,PENDING_TRIANGULATION,PENDING_TRIANGULATION,Activity / histórico,Exibir histórico consultável de mudanças,supabase/migrations/20260812173000_execution_workspace_full_stack.sql,PENDING_TRIANGULATION,A_CODE_PARTIAL,partial_observed,pending,Inventário normalizado a partir da auditoria do main; não implica validação clínica nem deploy verificado.,P1,02,P0-FINAL-01,"Leitura e UI dedicada de Activity não evidenciadas no main atual. Concluído, integrado ao estado canônico e coberto por teste automatizado.",O comportamento já implementado (Eventos de atividade existem no domínio/persistência histórica) permanece intacto; o gap descrito é fechado sem duplicar fonte de estado; teste automatizado novo cobre o gap; revisão confirma que a extensão não introduz um segundo caminho de verdade para Activity / histórico.
2.2.0,FTR-010,feature,PROD-ND-006;PROD-ND-011,RF-010,Estado canônico,Arquitetura,Manter uma única autoridade de estado para projeções,implemented_code,not_applicable,,,,,"Autoridade canônica, versionamento e projeções",,src/domain/canonical-state.ts;supabase/migrations/20260815180000_act1_canonical_state_authority.sql,8adab704e4f90f9f19bb07e8f350ca2573fa6993,https://github.com/Executar-26/Executar-app-scanner/blob/main/src/domain/canonical-state.ts,canonical-state.test.ts;act1-canonical-authority-contract.test.ts,not_verified,PENDING_TRIANGULATION,PENDING_TRIANGULATION,PENDING_TRIANGULATION,PENDING_RESEARCH,PENDING_RESEARCH,PENDING_RESEARCH,PENDING_RESEARCH,PENDING_TRIANGULATION,PENDING_TRIANGULATION,PENDING_TRIANGULATION,PENDING_TRIANGULATION,PENDING_TRIANGULATION,PENDING_TRIANGULATION,Estado canônico,Manter uma única autoridade de estado para projeções,src/domain/canonical-state.ts;supabase/migrations/20260815180000_act1_canonical_state_authority.sql,PENDING_TRIANGULATION,A_CODE,code_observed,pending,Inventário normalizado a partir da auditoria do main; não implica validação clínica nem deploy verificado.,P0,08,P0-FINAL-01,Comportamento mantido conforme já implementado; nenhum gap aberto identificado nesta triagem V2.2.,"Suíte canonical-state.test.ts;act1-canonical-authority-contract.test.ts permanece verde; qualquer alteração futura em Estado canônico preserva o contrato funcional descrito em ""Manter uma única autoridade de estado para projeções""; reclassificar esta linha para gap aberto se uma regressão for observada."
2.2.0,FTR-011,feature,PROD-ND-006,RF-011,Workspace,Projeto,Centralizar entrada e portfólio operacional,implemented_code,not_applicable,,,,,Workspace persistido com portfolio e foco,,src/app/(app)/dashboard/workspace/page.tsx;src/components/workspace/workspace-entry-surface.tsx,8adab704e4f90f9f19bb07e8f350ca2573fa6993,https://github.com/Executar-26/Executar-app-scanner/blob/main/src/app/(app)/dashboard/workspace/page.tsx,workspace-router.test.ts,not_verified,PENDING_TRIANGULATION,PENDING_TRIANGULATION,PENDING_TRIANGULATION,PENDING_RESEARCH,PENDING_RESEARCH,PENDING_RESEARCH,PENDING_RESEARCH,PENDING_TRIANGULATION,PENDING_TRIANGULATION,PENDING_TRIANGULATION,PENDING_TRIANGULATION,PENDING_TRIANGULATION,PENDING_TRIANGULATION,Workspace,Centralizar entrada e portfólio operacional,src/app/(app)/dashboard/workspace/page.tsx;src/components/workspace/workspace-entry-surface.tsx,PENDING_TRIANGULATION,A_CODE,code_observed,pending,Inventário normalizado a partir da auditoria do main; não implica validação clínica nem deploy verificado.,P0,09,P0-FINAL-01,Comportamento mantido conforme já implementado; nenhum gap aberto identificado nesta triagem V2.2.,"Suíte workspace-router.test.ts permanece verde; qualquer alteração futura em Workspace preserva o contrato funcional descrito em ""Centralizar entrada e portfólio operacional""; reclassificar esta linha para gap aberto se uma regressão for observada."
2.2.0,FTR-012,feature,,RF-012,Share,Colaboração,Compartilhar representação do plano,implemented_code,not_applicable,,,,,Superfície de compartilhamento existente,Colaboração multiusuário/assignee não inferida apenas desta tela,src/app/(app)/dashboard/plans/[planId]/share/page.tsx,8adab704e4f90f9f19bb07e8f350ca2573fa6993,https://github.com/Executar-26/Executar-app-scanner/blob/main/src/app/(app)/dashboard/plans/[planId]/share/page.tsx,,not_verified,PENDING_TRIANGULATION,PENDING_TRIANGULATION,PENDING_TRIANGULATION,PENDING_RESEARCH,PENDING_RESEARCH,PENDING_RESEARCH,PENDING_RESEARCH,PENDING_TRIANGULATION,PENDING_TRIANGULATION,PENDING_TRIANGULATION,PENDING_TRIANGULATION,PENDING_TRIANGULATION,PENDING_TRIANGULATION,Share,Compartilhar representação do plano,src/app/(app)/dashboard/plans/[planId]/share/page.tsx,PENDING_TRIANGULATION,A_CODE,code_observed,pending,Inventário normalizado a partir da auditoria do main; não implica validação clínica nem deploy verificado.,P2,01,EXTERNAL:Sas_Executar-Fase1-teams-RLS,"Colaboração multiusuário/assignee não inferida apenas desta tela. Concluído, integrado ao estado canônico e coberto por teste automatizado.",O comportamento já implementado (Superfície de compartilhamento existente) permanece intacto; o gap descrito é fechado sem duplicar fonte de estado; teste automatizado novo cobre o gap; revisão confirma que a extensão não introduz um segundo caminho de verdade para Share.
2.2.0,FTR-013,feature,PROD-ND-002;PROD-ND-011,RF-013,Plan Exchange V1,Interoperabilidade,Importar/exportar plano em contrato público,implemented_code,not_applicable,,,,,Schema e adapter de Plan Exchange,,docs/interoperability/plan-exchange-v1/plan-exchange-v1.schema.json;src/fractal/adapters/plan-exchange-source.ts,8adab704e4f90f9f19bb07e8f350ca2573fa6993,https://github.com/Executar-26/Executar-app-scanner/blob/main/docs/interoperability/plan-exchange-v1/plan-exchange-v1.schema.json,plan-exchange-source.test.ts,not_verified,PENDING_TRIANGULATION,PENDING_TRIANGULATION,PENDING_TRIANGULATION,PENDING_RESEARCH,PENDING_RESEARCH,PENDING_RESEARCH,PENDING_RESEARCH,PENDING_TRIANGULATION,PENDING_TRIANGULATION,PENDING_TRIANGULATION,PENDING_TRIANGULATION,PENDING_TRIANGULATION,PENDING_TRIANGULATION,Plan Exchange V1,Importar/exportar plano em contrato público,docs/interoperability/plan-exchange-v1/plan-exchange-v1.schema.json;src/fractal/adapters/plan-exchange-source.ts,PENDING_TRIANGULATION,A_CODE,code_observed,pending,Inventário normalizado a partir da auditoria do main; não implica validação clínica nem deploy verificado.,P0,10,P0-FINAL-01,Comportamento mantido conforme já implementado; nenhum gap aberto identificado nesta triagem V2.2.,"Suíte plan-exchange-source.test.ts permanece verde; qualquer alteração futura em Plan Exchange V1 preserva o contrato funcional descrito em ""Importar/exportar plano em contrato público""; reclassificar esta linha para gap aberto se uma regressão for observada."
2.2.0,FTR-014,feature,PROD-ND-002,RF-014,Language Layer V3.1,Semântica,Normalizar significado do plano independentemente da apresentação,implemented_code,not_applicable,,,,,Contrato semântico e adapter,,docs/interoperability/plan-exchange-v1/plan-profile-language-layer-v3.1.schema.json;src/fractal/adapters/language-layer-source.ts,8adab704e4f90f9f19bb07e8f350ca2573fa6993,https://github.com/Executar-26/Executar-app-scanner/blob/main/docs/interoperability/plan-exchange-v1/plan-profile-language-layer-v3.1.schema.json,language-layer-source.test.ts,not_verified,PENDING_TRIANGULATION,PENDING_TRIANGULATION,PENDING_TRIANGULATION,PENDING_RESEARCH,PENDING_RESEARCH,PENDING_RESEARCH,PENDING_RESEARCH,PENDING_TRIANGULATION,PENDING_TRIANGULATION,PENDING_TRIANGULATION,PENDING_TRIANGULATION,PENDING_TRIANGULATION,PENDING_TRIANGULATION,Language Layer V3.1,Normalizar significado do plano independentemente da apresentação,docs/interoperability/plan-exchange-v1/plan-profile-language-layer-v3.1.schema.json;src/fractal/adapters/language-layer-source.ts,PENDING_TRIANGULATION,A_CODE,code_observed,pending,Inventário normalizado a partir da auditoria do main; não implica validação clínica nem deploy verificado.,P0,11,P0-FINAL-01,Comportamento mantido conforme já implementado; nenhum gap aberto identificado nesta triagem V2.2.,"Suíte language-layer-source.test.ts permanece verde; qualquer alteração futura em Language Layer V3.1 preserva o contrato funcional descrito em ""Normalizar significado do plano independentemente da apresentação""; reclassificar esta linha para gap aberto se uma regressão for observada."
2.2.0,FTR-015,feature,PROD-ND-002;PROD-ND-012,RF-015,Source adapters,Interoperabilidade,Converter diferentes fontes em estrutura aceita,implemented_code,not_applicable,,,,,"Adapters para Plan Exchange, Language Layer, JSON, Markdown e Plan Print",,src/fractal/adapters/source-adapters.ts;src/emit/document-rendering/source-adapters,8adab704e4f90f9f19bb07e8f350ca2573fa6993,https://github.com/Executar-26/Executar-app-scanner/blob/main/src/fractal/adapters/source-adapters.ts,fractal-system.test.ts,not_verified,PENDING_TRIANGULATION,PENDING_TRIANGULATION,PENDING_TRIANGULATION,PENDING_RESEARCH,PENDING_RESEARCH,PENDING_RESEARCH,PENDING_RESEARCH,PENDING_TRIANGULATION,PENDING_TRIANGULATION,PENDING_TRIANGULATION,PENDING_TRIANGULATION,PENDING_TRIANGULATION,PENDING_TRIANGULATION,Source adapters,Converter diferentes fontes em estrutura aceita,src/fractal/adapters/source-adapters.ts;src/emit/document-rendering/source-adapters,PENDING_TRIANGULATION,A_CODE,code_observed,pending,Inventário normalizado a partir da auditoria do main; não implica validação clínica nem deploy verificado.,P0,12,P0-FINAL-01,Comportamento mantido conforme já implementado; nenhum gap aberto identificado nesta triagem V2.2.,"Suíte fractal-system.test.ts permanece verde; qualquer alteração futura em Source adapters preserva o contrato funcional descrito em ""Converter diferentes fontes em estrutura aceita""; reclassificar esta linha para gap aberto se uma regressão for observada."
2.2.0,FTR-016,feature,PROD-ND-002;PROD-ND-006,RF-016,JSON import / drop,Entrada,Importar plano sem recriação manual,implemented_code,not_applicable,,,,,Drop zone e fluxo de importação,,src/components/landing/plan-drop-zone.tsx;src/app/api/ai/plan/import/route.ts;src/lib/import-actions.ts,8adab704e4f90f9f19bb07e8f350ca2573fa6993,https://github.com/Executar-26/Executar-app-scanner/blob/main/src/components/landing/plan-drop-zone.tsx,language-layer-import-contract.test.ts,not_verified,PENDING_TRIANGULATION,PENDING_TRIANGULATION,PENDING_TRIANGULATION,PENDING_RESEARCH,PENDING_RESEARCH,PENDING_RESEARCH,PENDING_RESEARCH,PENDING_TRIANGULATION,PENDING_TRIANGULATION,PENDING_TRIANGULATION,PENDING_TRIANGULATION,PENDING_TRIANGULATION,PENDING_TRIANGULATION,JSON import / drop,Importar plano sem recriação manual,src/components/landing/plan-drop-zone.tsx;src/app/api/ai/plan/import/route.ts;src/lib/import-actions.ts,PENDING_TRIANGULATION,A_CODE,code_observed,pending,Inventário normalizado a partir da auditoria do main; não implica validação clínica nem deploy verificado.,P1,03,P0-FINAL-01,Comportamento mantido conforme já implementado; nenhum gap aberto identificado nesta triagem V2.2.,"Suíte language-layer-import-contract.test.ts permanece verde; qualquer alteração futura em JSON import / drop preserva o contrato funcional descrito em ""Importar plano sem recriação manual""; reclassificar esta linha para gap aberto se uma regressão for observada."
2.2.0,FTR-017,feature,PROD-ND-002;PROD-ND-008;PROD-ND-010,RF-017,Guided Plan Intake,IA/Entrada,Estruturar briefing guiado e reduzir ambiguidade,implemented_code,not_applicable,,,,,Método guiado com conjuntos determinísticos de escolhas,,src/ai/guided-plan-method.ts;src/components/projects/guided-plan-demo-workspace.tsx,8adab704e4f90f9f19bb07e8f350ca2573fa6993,https://github.com/Executar-26/Executar-app-scanner/blob/main/src/ai/guided-plan-method.ts,guided-plan-intake-contract.test.ts,not_verified,PENDING_TRIANGULATION,PENDING_TRIANGULATION,PENDING_TRIANGULATION,PENDING_RESEARCH,PENDING_RESEARCH,PENDING_RESEARCH,PENDING_RESEARCH,PENDING_TRIANGULATION,PENDING_TRIANGULATION,PENDING_TRIANGULATION,PENDING_TRIANGULATION,PENDING_TRIANGULATION,PENDING_TRIANGULATION,Guided Plan Intake,Estruturar briefing guiado e reduzir ambiguidade,src/ai/guided-plan-method.ts;src/components/projects/guided-plan-demo-workspace.tsx,PENDING_TRIANGULATION,A_CODE,code_observed,pending,Inventário normalizado a partir da auditoria do main; não implica validação clínica nem deploy verificado.,P1,04,P0-FINAL-01,Comportamento mantido conforme já implementado; nenhum gap aberto identificado nesta triagem V2.2.,"Suíte guided-plan-intake-contract.test.ts permanece verde; qualquer alteração futura em Guided Plan Intake preserva o contrato funcional descrito em ""Estruturar briefing guiado e reduzir ambiguidade""; reclassificar esta linha para gap aberto se uma regressão for observada."
2.2.0,FTR-018,feature,PROD-ND-002,RF-018,AI Plan Generation,IA/Entrada,Transformar entrada em plano estruturado,implemented_code,not_applicable,,,,,Gerador e API de plano,,src/ai/plan-generator.ts;src/app/api/ai/plan/route.ts;src/components/projects/ai-plan-generator.tsx,8adab704e4f90f9f19bb07e8f350ca2573fa6993,https://github.com/Executar-26/Executar-app-scanner/blob/main/src/ai/plan-generator.ts,ai-plan-generator-contract.test.ts,not_verified,PENDING_TRIANGULATION,PENDING_TRIANGULATION,PENDING_TRIANGULATION,PENDING_RESEARCH,PENDING_RESEARCH,PENDING_RESEARCH,PENDING_RESEARCH,PENDING_TRIANGULATION,PENDING_TRIANGULATION,PENDING_TRIANGULATION,PENDING_TRIANGULATION,PENDING_TRIANGULATION,PENDING_TRIANGULATION,AI Plan Generation,Transformar entrada em plano estruturado,src/ai/plan-generator.ts;src/app/api/ai/plan/route.ts;src/components/projects/ai-plan-generator.tsx,PENDING_TRIANGULATION,A_CODE,code_observed,pending,Inventário normalizado a partir da auditoria do main; não implica validação clínica nem deploy verificado.,P1,05,P0-FINAL-01,Comportamento mantido conforme já implementado; nenhum gap aberto identificado nesta triagem V2.2.,"Suíte ai-plan-generator-contract.test.ts permanece verde; qualquer alteração futura em AI Plan Generation preserva o contrato funcional descrito em ""Transformar entrada em plano estruturado""; reclassificar esta linha para gap aberto se uma regressão for observada."
2.2.0,FTR-019,feature,PROD-ND-002;PROD-ND-011,RF-019,Structured Output,IA/Contrato,Restringir saída de IA ao contrato esperado,implemented_code,not_applicable,,,,,Validação estrutural e schemas,,src/ai/plan-generator.ts;src/mcp/schema-validator.ts,8adab704e4f90f9f19bb07e8f350ca2573fa6993,https://github.com/Executar-26/Executar-app-scanner/blob/main/src/ai/plan-generator.ts,mcp-schema-validator.test.ts,not_verified,PENDING_TRIANGULATION,PENDING_TRIANGULATION,PENDING_TRIANGULATION,PENDING_RESEARCH,PENDING_RESEARCH,PENDING_RESEARCH,PENDING_RESEARCH,PENDING_TRIANGULATION,PENDING_TRIANGULATION,PENDING_TRIANGULATION,PENDING_TRIANGULATION,PENDING_TRIANGULATION,PENDING_TRIANGULATION,Structured Output,Restringir saída de IA ao contrato esperado,src/ai/plan-generator.ts;src/mcp/schema-validator.ts,PENDING_TRIANGULATION,A_CODE,code_observed,pending,Inventário normalizado a partir da auditoria do main; não implica validação clínica nem deploy verificado.,P0,13,P0-FINAL-01,Comportamento mantido conforme já implementado; nenhum gap aberto identificado nesta triagem V2.2.,"Suíte mcp-schema-validator.test.ts permanece verde; qualquer alteração futura em Structured Output preserva o contrato funcional descrito em ""Restringir saída de IA ao contrato esperado""; reclassificar esta linha para gap aberto se uma regressão for observada."
2.2.0,FTR-020,feature,PROD-ND-002;PROD-ND-011,RF-020,Compilador/validador determinístico,IA/Contrato,Retirar da IA a autoridade final sobre o schema,implemented_code,not_applicable,,,,,"Compilação, validação e preflight determinísticos",,src/emit/document-factory/compiler.ts;src/emit/document-factory/validate.ts;src/fractal/preflight/preflight.ts,8adab704e4f90f9f19bb07e8f350ca2573fa6993,https://github.com/Executar-26/Executar-app-scanner/blob/main/src/emit/document-factory/compiler.ts,document-contract-runtime-factory.test.ts,not_verified,PENDING_TRIANGULATION,PENDING_TRIANGULATION,PENDING_TRIANGULATION,PENDING_RESEARCH,PENDING_RESEARCH,PENDING_RESEARCH,PENDING_RESEARCH,PENDING_TRIANGULATION,PENDING_TRIANGULATION,PENDING_TRIANGULATION,PENDING_TRIANGULATION,PENDING_TRIANGULATION,PENDING_TRIANGULATION,Compilador/validador determinístico,Retirar da IA a autoridade final sobre o schema,src/emit/document-factory/compiler.ts;src/emit/document-factory/validate.ts;src/fractal/preflight/preflight.ts,PENDING_TRIANGULATION,A_CODE,code_observed,pending,Inventário normalizado a partir da auditoria do main; não implica validação clínica nem deploy verificado.,P0,14,P0-FINAL-01,Comportamento mantido conforme já implementado; nenhum gap aberto identificado nesta triagem V2.2.,"Suíte document-contract-runtime-factory.test.ts permanece verde; qualquer alteração futura em Compilador/validador determinístico preserva o contrato funcional descrito em ""Retirar da IA a autoridade final sobre o schema""; reclassificar esta linha para gap aberto se uma regressão for observada."
2.2.0,FTR-021,feature,PROD-ND-003;PROD-ND-007;PROD-ND-008,RF-021,Action Now / Best Next Action,Execução,Mostrar a próxima ação executável,implemented_code,not_applicable,,,,,Seleção e lente de foco,,src/fractal/selectors/execution-dispatcher.ts;src/components/projects/task-dashboard-views.tsx,8adab704e4f90f9f19bb07e8f350ca2573fa6993,https://github.com/Executar-26/Executar-app-scanner/blob/main/src/fractal/selectors/execution-dispatcher.ts,fractal-execution-dispatcher.test.ts,not_verified,PENDING_TRIANGULATION,PENDING_TRIANGULATION,PENDING_TRIANGULATION,PENDING_RESEARCH,PENDING_RESEARCH,PENDING_RESEARCH,PENDING_RESEARCH,PENDING_TRIANGULATION,PENDING_TRIANGULATION,PENDING_TRIANGULATION,PENDING_TRIANGULATION,PENDING_TRIANGULATION,PENDING_TRIANGULATION,Action Now / Best Next Action,Mostrar a próxima ação executável,src/fractal/selectors/execution-dispatcher.ts;src/components/projects/task-dashboard-views.tsx,PENDING_TRIANGULATION,A_CODE,code_observed,pending,Inventário normalizado a partir da auditoria do main; não implica validação clínica nem deploy verificado.,P0,15,P0-FINAL-01;P0-FINAL-02,Comportamento mantido conforme já implementado; nenhum gap aberto identificado nesta triagem V2.2.,"Suíte fractal-execution-dispatcher.test.ts permanece verde; qualquer alteração futura em Action Now / Best Next Action preserva o contrato funcional descrito em ""Mostrar a próxima ação executável""; reclassificar esta linha para gap aberto se uma regressão for observada."
2.2.0,FTR-022,feature,PROD-ND-011,RF-022,Dependency filtering,Execução,Impedir seleção de trabalho bloqueado por dependência,implemented_code,not_applicable,,,,,Dependências atuam como restrição de elegibilidade,,src/fractal/selectors/execution-dispatcher.ts,8adab704e4f90f9f19bb07e8f350ca2573fa6993,https://github.com/Executar-26/Executar-app-scanner/blob/main/src/fractal/selectors/execution-dispatcher.ts,fractal-execution-dispatcher.test.ts,not_verified,PENDING_TRIANGULATION,PENDING_TRIANGULATION,PENDING_TRIANGULATION,PENDING_RESEARCH,PENDING_RESEARCH,PENDING_RESEARCH,PENDING_RESEARCH,PENDING_TRIANGULATION,PENDING_TRIANGULATION,PENDING_TRIANGULATION,PENDING_TRIANGULATION,PENDING_TRIANGULATION,PENDING_TRIANGULATION,Dependency filtering,Impedir seleção de trabalho bloqueado por dependência,src/fractal/selectors/execution-dispatcher.ts,PENDING_TRIANGULATION,A_CODE,code_observed,pending,Inventário normalizado a partir da auditoria do main; não implica validação clínica nem deploy verificado.,P0,16,P0-FINAL-01;P0-FINAL-02,Comportamento mantido conforme já implementado; nenhum gap aberto identificado nesta triagem V2.2.,"Suíte fractal-execution-dispatcher.test.ts permanece verde; qualquer alteração futura em Dependency filtering preserva o contrato funcional descrito em ""Impedir seleção de trabalho bloqueado por dependência""; reclassificar esta linha para gap aberto se uma regressão for observada."
2.2.0,FTR-023,feature,PROD-ND-006;PROD-ND-011,RF-023,Gate filtering,Execução,Impedir avanço sem condição obrigatória,implemented_code,not_applicable,,,,,Gates aplicados à elegibilidade/estado,,src/fractal/selectors/execution-dispatcher.ts;src/mcp/execution-state-engine.ts,8adab704e4f90f9f19bb07e8f350ca2573fa6993,https://github.com/Executar-26/Executar-app-scanner/blob/main/src/fractal/selectors/execution-dispatcher.ts,mcp-state-gates-wip.test.ts,not_verified,PENDING_TRIANGULATION,PENDING_TRIANGULATION,PENDING_TRIANGULATION,PENDING_RESEARCH,PENDING_RESEARCH,PENDING_RESEARCH,PENDING_RESEARCH,PENDING_TRIANGULATION,PENDING_TRIANGULATION,PENDING_TRIANGULATION,PENDING_TRIANGULATION,PENDING_TRIANGULATION,PENDING_TRIANGULATION,Gate filtering,Impedir avanço sem condição obrigatória,src/fractal/selectors/execution-dispatcher.ts;src/mcp/execution-state-engine.ts,PENDING_TRIANGULATION,A_CODE,code_observed,pending,Inventário normalizado a partir da auditoria do main; não implica validação clínica nem deploy verificado.,P0,17,P0-FINAL-01;P0-FINAL-02,Comportamento mantido conforme já implementado; nenhum gap aberto identificado nesta triagem V2.2.,"Suíte mcp-state-gates-wip.test.ts permanece verde; qualquer alteração futura em Gate filtering preserva o contrato funcional descrito em ""Impedir avanço sem condição obrigatória""; reclassificar esta linha para gap aberto se uma regressão for observada."
2.2.0,FTR-024,feature,PROD-ND-003;PROD-ND-010,RF-024,WIP control,Execução,Limitar trabalho simultâneo,implemented_code,not_applicable,,,,,WIP é restrição explícita,,src/fractal/selectors/execution-dispatcher.ts;src/mcp/execution-state-engine.ts,8adab704e4f90f9f19bb07e8f350ca2573fa6993,https://github.com/Executar-26/Executar-app-scanner/blob/main/src/fractal/selectors/execution-dispatcher.ts,mcp-state-gates-wip.test.ts,not_verified,PENDING_TRIANGULATION,PENDING_TRIANGULATION,PENDING_TRIANGULATION,PENDING_RESEARCH,PENDING_RESEARCH,PENDING_RESEARCH,PENDING_RESEARCH,PENDING_TRIANGULATION,PENDING_TRIANGULATION,PENDING_TRIANGULATION,PENDING_TRIANGULATION,PENDING_TRIANGULATION,PENDING_TRIANGULATION,WIP control,Limitar trabalho simultâneo,src/fractal/selectors/execution-dispatcher.ts;src/mcp/execution-state-engine.ts,PENDING_TRIANGULATION,A_CODE,code_observed,pending,Inventário normalizado a partir da auditoria do main; não implica validação clínica nem deploy verificado.,P0,18,P0-FINAL-01;P0-FINAL-02,Comportamento mantido conforme já implementado; nenhum gap aberto identificado nesta triagem V2.2.,"Suíte mcp-state-gates-wip.test.ts permanece verde; qualquer alteração futura em WIP control preserva o contrato funcional descrito em ""Limitar trabalho simultâneo""; reclassificar esta linha para gap aberto se uma regressão for observada."
2.2.0,FTR-025,feature,PROD-ND-010,RF-025,Capacity filtering,Capacidade,Eliminar ações incompatíveis com capacidade atual,implemented_code,not_applicable,,,,,Capacidade integra seleção e controle do plano,,src/fractal/selectors/execution-dispatcher.ts;src/components/projects/capacity-plan-control.tsx;src/lib/capacity-actions.ts,8adab704e4f90f9f19bb07e8f350ca2573fa6993,https://github.com/Executar-26/Executar-app-scanner/blob/main/src/fractal/selectors/execution-dispatcher.ts,fractal-execution-dispatcher.test.ts,not_verified,PENDING_TRIANGULATION,PENDING_TRIANGULATION,PENDING_TRIANGULATION,PENDING_RESEARCH,PENDING_RESEARCH,PENDING_RESEARCH,PENDING_RESEARCH,PENDING_TRIANGULATION,PENDING_TRIANGULATION,PENDING_TRIANGULATION,PENDING_TRIANGULATION,PENDING_TRIANGULATION,PENDING_TRIANGULATION,Capacity filtering,Eliminar ações incompatíveis com capacidade atual,src/fractal/selectors/execution-dispatcher.ts;src/components/projects/capacity-plan-control.tsx;src/lib/capacity-actions.ts,PENDING_TRIANGULATION,A_CODE,code_observed,pending,Inventário normalizado a partir da auditoria do main; não implica validação clínica nem deploy verificado.,P0,19,P0-FINAL-02,Comportamento mantido conforme já implementado; nenhum gap aberto identificado nesta triagem V2.2.,"Suíte fractal-execution-dispatcher.test.ts permanece verde; qualquer alteração futura em Capacity filtering preserva o contrato funcional descrito em ""Eliminar ações incompatíveis com capacidade atual""; reclassificar esta linha para gap aberto se uma regressão for observada."
2.2.0,FTR-026,feature,PROD-ND-003;PROD-ND-010,RF-026,Flow ranking,Execução,Ranquear elegíveis segundo fluxo estrutural,implemented_code,not_applicable,,,,,Ranking por Flow após restrições duras,,src/fractal/selectors/execution-dispatcher.ts,8adab704e4f90f9f19bb07e8f350ca2573fa6993,https://github.com/Executar-26/Executar-app-scanner/blob/main/src/fractal/selectors/execution-dispatcher.ts,fractal-execution-dispatcher.test.ts,not_verified,PENDING_TRIANGULATION,PENDING_TRIANGULATION,PENDING_TRIANGULATION,PENDING_RESEARCH,PENDING_RESEARCH,PENDING_RESEARCH,PENDING_RESEARCH,PENDING_TRIANGULATION,PENDING_TRIANGULATION,PENDING_TRIANGULATION,PENDING_TRIANGULATION,PENDING_TRIANGULATION,PENDING_TRIANGULATION,Flow ranking,Ranquear elegíveis segundo fluxo estrutural,src/fractal/selectors/execution-dispatcher.ts,PENDING_TRIANGULATION,A_CODE,code_observed,pending,Inventário normalizado a partir da auditoria do main; não implica validação clínica nem deploy verificado.,P0,20,P0-FINAL-01;P0-FINAL-02,Comportamento mantido conforme já implementado; nenhum gap aberto identificado nesta triagem V2.2.,"Suíte fractal-execution-dispatcher.test.ts permanece verde; qualquer alteração futura em Flow ranking preserva o contrato funcional descrito em ""Ranquear elegíveis segundo fluxo estrutural""; reclassificar esta linha para gap aberto se uma regressão for observada."
2.2.0,FTR-027,feature,PROD-ND-003,RF-027,Context ranking,Execução,Ranquear elegíveis conforme contexto atual,implemented_code,not_applicable,,,,,Ranking contextual entre ações elegíveis,,src/fractal/selectors/execution-dispatcher.ts,8adab704e4f90f9f19bb07e8f350ca2573fa6993,https://github.com/Executar-26/Executar-app-scanner/blob/main/src/fractal/selectors/execution-dispatcher.ts,fractal-execution-dispatcher.test.ts,not_verified,PENDING_TRIANGULATION,PENDING_TRIANGULATION,PENDING_TRIANGULATION,PENDING_RESEARCH,PENDING_RESEARCH,PENDING_RESEARCH,PENDING_RESEARCH,PENDING_TRIANGULATION,PENDING_TRIANGULATION,PENDING_TRIANGULATION,PENDING_TRIANGULATION,PENDING_TRIANGULATION,PENDING_TRIANGULATION,Context ranking,Ranquear elegíveis conforme contexto atual,src/fractal/selectors/execution-dispatcher.ts,PENDING_TRIANGULATION,A_CODE,code_observed,pending,Inventário normalizado a partir da auditoria do main; não implica validação clínica nem deploy verificado.,P0,21,P0-FINAL-01;P0-FINAL-02,Comportamento mantido conforme já implementado; nenhum gap aberto identificado nesta triagem V2.2.,"Suíte fractal-execution-dispatcher.test.ts permanece verde; qualquer alteração futura em Context ranking preserva o contrato funcional descrito em ""Ranquear elegíveis conforme contexto atual""; reclassificar esta linha para gap aberto se uma regressão for observada."
2.2.0,FTR-028,feature,PROD-ND-010,RF-028,Re-routing / Re-Plan local,Execução,Recalcular próxima rota sem desmontar o plano,implemented_code,not_applicable,,,,,Dispatcher recalcula escolha conforme estado/contexto,,src/fractal/selectors/apply-dispatch.ts;src/fractal/selectors/execution-dispatcher.ts,8adab704e4f90f9f19bb07e8f350ca2573fa6993,https://github.com/Executar-26/Executar-app-scanner/blob/main/src/fractal/selectors/apply-dispatch.ts,fractal-execution-dispatcher.test.ts,not_verified,PENDING_TRIANGULATION,PENDING_TRIANGULATION,PENDING_TRIANGULATION,PENDING_RESEARCH,PENDING_RESEARCH,PENDING_RESEARCH,PENDING_RESEARCH,PENDING_TRIANGULATION,PENDING_TRIANGULATION,PENDING_TRIANGULATION,PENDING_TRIANGULATION,PENDING_TRIANGULATION,PENDING_TRIANGULATION,Re-routing / Re-Plan local,Recalcular próxima rota sem desmontar o plano,src/fractal/selectors/apply-dispatch.ts;src/fractal/selectors/execution-dispatcher.ts,PENDING_TRIANGULATION,A_CODE,code_observed,pending,Inventário normalizado a partir da auditoria do main; não implica validação clínica nem deploy verificado.,P0,22,P0-FINAL-01;P0-FINAL-02,Comportamento mantido conforme já implementado; nenhum gap aberto identificado nesta triagem V2.2.,"Suíte fractal-execution-dispatcher.test.ts permanece verde; qualquer alteração futura em Re-routing / Re-Plan local preserva o contrato funcional descrito em ""Recalcular próxima rota sem desmontar o plano""; reclassificar esta linha para gap aberto se uma regressão for observada."
2.2.0,FTR-029,feature,PROD-ND-007;PROD-ND-008,RF-029,Fractal hierarchy,Arquitetura/UX,Projetar Plano→Epic→Entregável→Tarefa em níveis,implemented_code,not_applicable,,,,,Estrutura fractal e lente navegável,,src/fractal/domain/execution-structure.ts;src/components/fractal/fractal-execution-lens.tsx;src/components/projects/task-dashboard-views.tsx,8adab704e4f90f9f19bb07e8f350ca2573fa6993,https://github.com/Executar-26/Executar-app-scanner/blob/main/src/fractal/domain/execution-structure.ts,fractal-five-level-view-model.test.ts,not_verified,PENDING_TRIANGULATION,PENDING_TRIANGULATION,PENDING_TRIANGULATION,PENDING_RESEARCH,PENDING_RESEARCH,PENDING_RESEARCH,PENDING_RESEARCH,PENDING_TRIANGULATION,PENDING_TRIANGULATION,PENDING_TRIANGULATION,PENDING_TRIANGULATION,PENDING_TRIANGULATION,PENDING_TRIANGULATION,Fractal hierarchy,Projetar Plano→Epic→Entregável→Tarefa em níveis,src/fractal/domain/execution-structure.ts;src/components/fractal/fractal-execution-lens.tsx;src/components/projects/task-dashboard-views.tsx,PENDING_TRIANGULATION,A_CODE,code_observed,pending,Inventário normalizado a partir da auditoria do main; não implica validação clínica nem deploy verificado.,P0,23,P0-FINAL-01;P0-FINAL-04,Comportamento mantido conforme já implementado; nenhum gap aberto identificado nesta triagem V2.2.,"Suíte fractal-five-level-view-model.test.ts permanece verde; qualquer alteração futura em Fractal hierarchy preserva o contrato funcional descrito em ""Projetar Plano→Epic→Entregável→Tarefa em níveis""; reclassificar esta linha para gap aberto se uma regressão for observada."
2.2.0,FTR-030,feature,PROD-ND-008,RF-030,Progressive disclosure,UX,Revelar complexidade apenas conforme necessária,implemented_code,not_applicable,,,,,Lentes/níveis reduzem informação simultânea,,src/components/fractal/fractal-execution-lens.tsx;src/components/projects/task-dashboard-views.tsx,8adab704e4f90f9f19bb07e8f350ca2573fa6993,https://github.com/Executar-26/Executar-app-scanner/blob/main/src/components/fractal/fractal-execution-lens.tsx,fractal-main-ui-contract.test.ts,not_verified,PENDING_TRIANGULATION,PENDING_TRIANGULATION,PENDING_TRIANGULATION,PENDING_RESEARCH,PENDING_RESEARCH,PENDING_RESEARCH,PENDING_RESEARCH,PENDING_TRIANGULATION,PENDING_TRIANGULATION,PENDING_TRIANGULATION,PENDING_TRIANGULATION,PENDING_TRIANGULATION,PENDING_TRIANGULATION,Progressive disclosure,Revelar complexidade apenas conforme necessária,src/components/fractal/fractal-execution-lens.tsx;src/components/projects/task-dashboard-views.tsx,PENDING_TRIANGULATION,A_CODE,code_observed,pending,Inventário normalizado a partir da auditoria do main; não implica validação clínica nem deploy verificado.,P0,24,P0-FINAL-04,Comportamento mantido conforme já implementado; nenhum gap aberto identificado nesta triagem V2.2.,"Suíte fractal-main-ui-contract.test.ts permanece verde; qualquer alteração futura em Progressive disclosure preserva o contrato funcional descrito em ""Revelar complexidade apenas conforme necessária""; reclassificar esta linha para gap aberto se uma regressão for observada."
2.2.0,FTR-031,feature,PROD-ND-001,RF-031,Camera Scanner,Scanner,Capturar entrada visual física,implemented_code,not_applicable,,,,,Pipeline de câmera,,src/scanner/camera.ts;src/scanner/scanner-controller.ts,8adab704e4f90f9f19bb07e8f350ca2573fa6993,https://github.com/Executar-26/Executar-app-scanner/blob/main/src/scanner/camera.ts,scanner.spec.ts,not_verified,PENDING_TRIANGULATION,PENDING_TRIANGULATION,PENDING_TRIANGULATION,PENDING_RESEARCH,PENDING_RESEARCH,PENDING_RESEARCH,PENDING_RESEARCH,PENDING_TRIANGULATION,PENDING_TRIANGULATION,PENDING_TRIANGULATION,PENDING_TRIANGULATION,PENDING_TRIANGULATION,PENDING_TRIANGULATION,Camera Scanner,Capturar entrada visual física,src/scanner/camera.ts;src/scanner/scanner-controller.ts,PENDING_TRIANGULATION,A_CODE,code_observed,pending,Inventário normalizado a partir da auditoria do main; não implica validação clínica nem deploy verificado.,P1,06,P0-FINAL-02,Comportamento mantido conforme já implementado; nenhum gap aberto identificado nesta triagem V2.2.,"Suíte scanner.spec.ts permanece verde; qualquer alteração futura em Camera Scanner preserva o contrato funcional descrito em ""Capturar entrada visual física""; reclassificar esta linha para gap aberto se uma regressão for observada."
2.2.0,FTR-032,feature,PROD-ND-001,RF-032,QR scanning,Scanner,Ler QR e resolver destino,implemented_code,not_applicable,,,,,Leitura e resolução de QR,,src/scanner/zxing-qr.ts;src/domain/qr-route.ts;src/app/api/qr/[token]/route.ts,8adab704e4f90f9f19bb07e8f350ca2573fa6993,https://github.com/Executar-26/Executar-app-scanner/blob/main/src/scanner/zxing-qr.ts,scanner-wasm-qr.spec.ts;qr-route.test.ts,not_verified,PENDING_TRIANGULATION,PENDING_TRIANGULATION,PENDING_TRIANGULATION,PENDING_RESEARCH,PENDING_RESEARCH,PENDING_RESEARCH,PENDING_RESEARCH,PENDING_TRIANGULATION,PENDING_TRIANGULATION,PENDING_TRIANGULATION,PENDING_TRIANGULATION,PENDING_TRIANGULATION,PENDING_TRIANGULATION,QR scanning,Ler QR e resolver destino,src/scanner/zxing-qr.ts;src/domain/qr-route.ts;src/app/api/qr/[token]/route.ts,PENDING_TRIANGULATION,A_CODE,code_observed,pending,Inventário normalizado a partir da auditoria do main; não implica validação clínica nem deploy verificado.,P1,07,P0-FINAL-02,Comportamento mantido conforme já implementado; nenhum gap aberto identificado nesta triagem V2.2.,"Suíte scanner-wasm-qr.spec.ts;qr-route.test.ts permanece verde; qualquer alteração futura em QR scanning preserva o contrato funcional descrito em ""Ler QR e resolver destino""; reclassificar esta linha para gap aberto se uma regressão for observada."
2.2.0,FTR-033,feature,PROD-ND-001,RF-033,OCR,Scanner,Reconhecer conteúdo visual quando aplicável,implemented_code,not_applicable,,,,,OCR local com assets Tesseract,,src/scanner/ocr.ts;public/tesseract/lang/por.traineddata.gz,8adab704e4f90f9f19bb07e8f350ca2573fa6993,https://github.com/Executar-26/Executar-app-scanner/blob/main/src/scanner/ocr.ts,scanner.spec.ts,not_verified,PENDING_TRIANGULATION,PENDING_TRIANGULATION,PENDING_TRIANGULATION,PENDING_RESEARCH,PENDING_RESEARCH,PENDING_RESEARCH,PENDING_RESEARCH,PENDING_TRIANGULATION,PENDING_TRIANGULATION,PENDING_TRIANGULATION,PENDING_TRIANGULATION,PENDING_TRIANGULATION,PENDING_TRIANGULATION,OCR,Reconhecer conteúdo visual quando aplicável,src/scanner/ocr.ts;public/tesseract/lang/por.traineddata.gz,PENDING_TRIANGULATION,A_CODE,code_observed,pending,Inventário normalizado a partir da auditoria do main; não implica validação clínica nem deploy verificado.,P1,08,P0-FINAL-02,Comportamento mantido conforme já implementado; nenhum gap aberto identificado nesta triagem V2.2.,"Suíte scanner.spec.ts permanece verde; qualquer alteração futura em OCR preserva o contrato funcional descrito em ""Reconhecer conteúdo visual quando aplicável""; reclassificar esta linha para gap aberto se uma regressão for observada."
2.2.0,FTR-034,feature,PROD-ND-001,RF-034,ROI + preprocessing,Scanner,Preparar região de interesse para reconhecimento,implemented_code,not_applicable,,,,,ROI e preprocessing,,src/scanner/roi.ts;src/scanner/image-preprocessor.ts,8adab704e4f90f9f19bb07e8f350ca2573fa6993,https://github.com/Executar-26/Executar-app-scanner/blob/main/src/scanner/roi.ts,scanner.spec.ts,not_verified,PENDING_TRIANGULATION,PENDING_TRIANGULATION,PENDING_TRIANGULATION,PENDING_RESEARCH,PENDING_RESEARCH,PENDING_RESEARCH,PENDING_RESEARCH,PENDING_TRIANGULATION,PENDING_TRIANGULATION,PENDING_TRIANGULATION,PENDING_TRIANGULATION,PENDING_TRIANGULATION,PENDING_TRIANGULATION,ROI + preprocessing,Preparar região de interesse para reconhecimento,src/scanner/roi.ts;src/scanner/image-preprocessor.ts,PENDING_TRIANGULATION,A_CODE,code_observed,pending,Inventário normalizado a partir da auditoria do main; não implica validação clínica nem deploy verificado.,P1,09,P0-FINAL-02,Comportamento mantido conforme já implementado; nenhum gap aberto identificado nesta triagem V2.2.,"Suíte scanner.spec.ts permanece verde; qualquer alteração futura em ROI + preprocessing preserva o contrato funcional descrito em ""Preparar região de interesse para reconhecimento""; reclassificar esta linha para gap aberto se uma regressão for observada."
2.2.0,FTR-035,feature,PROD-ND-001,RF-035,Stabilization / retry,Scanner,Reduzir leituras instáveis,implemented_code,not_applicable,,,,,Estabilização de leitura,,src/scanner/stabilizer.ts;src/scanner/frame-sampler.ts,8adab704e4f90f9f19bb07e8f350ca2573fa6993,https://github.com/Executar-26/Executar-app-scanner/blob/main/src/scanner/stabilizer.ts,stabilizer.test.ts,not_verified,PENDING_TRIANGULATION,PENDING_TRIANGULATION,PENDING_TRIANGULATION,PENDING_RESEARCH,PENDING_RESEARCH,PENDING_RESEARCH,PENDING_RESEARCH,PENDING_TRIANGULATION,PENDING_TRIANGULATION,PENDING_TRIANGULATION,PENDING_TRIANGULATION,PENDING_TRIANGULATION,PENDING_TRIANGULATION,Stabilization / retry,Reduzir leituras instáveis,src/scanner/stabilizer.ts;src/scanner/frame-sampler.ts,PENDING_TRIANGULATION,A_CODE,code_observed,pending,Inventário normalizado a partir da auditoria do main; não implica validação clínica nem deploy verificado.,P1,10,P0-FINAL-02,Comportamento mantido conforme já implementado; nenhum gap aberto identificado nesta triagem V2.2.,"Suíte stabilizer.test.ts permanece verde; qualquer alteração futura em Stabilization / retry preserva o contrato funcional descrito em ""Reduzir leituras instáveis""; reclassificar esta linha para gap aberto se uma regressão for observada."
2.2.0,FTR-036,feature,PROD-ND-001;PROD-ND-004,RF-036,Folder Marker,Scanner/Físico,Ligar pasta física a objeto/rota digital,implemented_code,not_applicable,,,,,Detecção e emissão de marcadores,,src/scanner/fast-folder-detector.ts;src/emit/week-folder-markers.ts,8adab704e4f90f9f19bb07e8f350ca2573fa6993,https://github.com/Executar-26/Executar-app-scanner/blob/main/src/scanner/fast-folder-detector.ts,scanner-fast-folder.test.ts;week-folder-markers.test.ts,not_verified,PENDING_TRIANGULATION,PENDING_TRIANGULATION,PENDING_TRIANGULATION,PENDING_RESEARCH,PENDING_RESEARCH,PENDING_RESEARCH,PENDING_RESEARCH,PENDING_TRIANGULATION,PENDING_TRIANGULATION,PENDING_TRIANGULATION,PENDING_TRIANGULATION,PENDING_TRIANGULATION,PENDING_TRIANGULATION,Folder Marker,Ligar pasta física a objeto/rota digital,src/scanner/fast-folder-detector.ts;src/emit/week-folder-markers.ts,PENDING_TRIANGULATION,A_CODE,code_observed,pending,Inventário normalizado a partir da auditoria do main; não implica validação clínica nem deploy verificado.,P1,11,P0-FINAL-02,Comportamento mantido conforme já implementado; nenhum gap aberto identificado nesta triagem V2.2.,"Suíte scanner-fast-folder.test.ts;week-folder-markers.test.ts permanece verde; qualquer alteração futura em Folder Marker preserva o contrato funcional descrito em ""Ligar pasta física a objeto/rota digital""; reclassificar esta linha para gap aberto se uma regressão for observada."
2.2.0,FTR-037,feature,PROD-ND-001,RF-037,Symbol Commands,Scanner/Físico,Interpretar marcas físicas como comandos,implemented_code,not_applicable,,,,,Detector/watcher e contrato de comando,,src/scanner/symbol-command-detector.ts;src/scanner/symbol-command-watcher.ts;src/domain/scanner-command.ts,8adab704e4f90f9f19bb07e8f350ca2573fa6993,https://github.com/Executar-26/Executar-app-scanner/blob/main/src/scanner/symbol-command-detector.ts,scanner-command-contract.test.ts,not_verified,PENDING_TRIANGULATION,PENDING_TRIANGULATION,PENDING_TRIANGULATION,PENDING_RESEARCH,PENDING_RESEARCH,PENDING_RESEARCH,PENDING_RESEARCH,PENDING_TRIANGULATION,PENDING_TRIANGULATION,PENDING_TRIANGULATION,PENDING_TRIANGULATION,PENDING_TRIANGULATION,PENDING_TRIANGULATION,Symbol Commands,Interpretar marcas físicas como comandos,src/scanner/symbol-command-detector.ts;src/scanner/symbol-command-watcher.ts;src/domain/scanner-command.ts,PENDING_TRIANGULATION,A_CODE,code_observed,pending,Inventário normalizado a partir da auditoria do main; não implica validação clínica nem deploy verificado.,P1,12,P0-FINAL-02,Comportamento mantido conforme já implementado; nenhum gap aberto identificado nesta triagem V2.2.,"Suíte scanner-command-contract.test.ts permanece verde; qualquer alteração futura em Symbol Commands preserva o contrato funcional descrito em ""Interpretar marcas físicas como comandos""; reclassificar esta linha para gap aberto se uma regressão for observada."
2.2.0,FTR-038,feature,PROD-ND-001;PROD-ND-006,RF-038,QR / deep links,Scanner/Navegação,Endereçar entidades por token,implemented_code,not_applicable,,,,,Rotas curtas e persistência de tokens,,src/app/q/[token]/route.ts;src/app/go/[token]/route.ts;src/persistence/qr-route-repository.ts,8adab704e4f90f9f19bb07e8f350ca2573fa6993,https://github.com/Executar-26/Executar-app-scanner/blob/main/src/app/q/[token]/route.ts,qr-domain.test.ts;qr-route.test.ts,not_verified,PENDING_TRIANGULATION,PENDING_TRIANGULATION,PENDING_TRIANGULATION,PENDING_RESEARCH,PENDING_RESEARCH,PENDING_RESEARCH,PENDING_RESEARCH,PENDING_TRIANGULATION,PENDING_TRIANGULATION,PENDING_TRIANGULATION,PENDING_TRIANGULATION,PENDING_TRIANGULATION,PENDING_TRIANGULATION,QR / deep links,Endereçar entidades por token,src/app/q/[token]/route.ts;src/app/go/[token]/route.ts;src/persistence/qr-route-repository.ts,PENDING_TRIANGULATION,A_CODE,code_observed,pending,Inventário normalizado a partir da auditoria do main; não implica validação clínica nem deploy verificado.,P1,13,P0-FINAL-01,Comportamento mantido conforme já implementado; nenhum gap aberto identificado nesta triagem V2.2.,"Suíte qr-domain.test.ts;qr-route.test.ts permanece verde; qualquer alteração futura em QR / deep links preserva o contrato funcional descrito em ""Endereçar entidades por token""; reclassificar esta linha para gap aberto se uma regressão for observada."
2.2.0,FTR-039,feature,PROD-ND-001;PROD-ND-007,RF-039,Task Jump,Scanner/Execução,Ir diretamente à tarefa/objeto de execução,implemented_code,not_applicable,,,,,Superfície de jump/selector,,src/app/project/[projectId]/task-jump/page.tsx;src/domain/project-selector.ts,8adab704e4f90f9f19bb07e8f350ca2573fa6993,https://github.com/Executar-26/Executar-app-scanner/blob/main/src/app/project/[projectId]/task-jump/page.tsx,project-selector.test.ts,not_verified,PENDING_TRIANGULATION,PENDING_TRIANGULATION,PENDING_TRIANGULATION,PENDING_RESEARCH,PENDING_RESEARCH,PENDING_RESEARCH,PENDING_RESEARCH,PENDING_TRIANGULATION,PENDING_TRIANGULATION,PENDING_TRIANGULATION,PENDING_TRIANGULATION,PENDING_TRIANGULATION,PENDING_TRIANGULATION,Task Jump,Ir diretamente à tarefa/objeto de execução,src/app/project/[projectId]/task-jump/page.tsx;src/domain/project-selector.ts,PENDING_TRIANGULATION,A_CODE,code_observed,pending,Inventário normalizado a partir da auditoria do main; não implica validação clínica nem deploy verificado.,P1,14,P0-FINAL-02,Comportamento mantido conforme já implementado; nenhum gap aberto identificado nesta triagem V2.2.,"Suíte project-selector.test.ts permanece verde; qualquer alteração futura em Task Jump preserva o contrato funcional descrito em ""Ir diretamente à tarefa/objeto de execução""; reclassificar esta linha para gap aberto se uma regressão for observada."
2.2.0,FTR-040,feature,PROD-ND-001;PROD-ND-004,RF-040,Scanner-ready week/folder markers,Scanner/Físico,Gerar marcadores imprimíveis para navegação,implemented_code,not_applicable,,,,,Geração e API de marcadores,,src/emit/week-folder-markers.ts;src/app/api/emit/[projectId]/week-folders/route.ts,8adab704e4f90f9f19bb07e8f350ca2573fa6993,https://github.com/Executar-26/Executar-app-scanner/blob/main/src/emit/week-folder-markers.ts,week-folder-markers.test.ts,not_verified,PENDING_TRIANGULATION,PENDING_TRIANGULATION,PENDING_TRIANGULATION,PENDING_RESEARCH,PENDING_RESEARCH,PENDING_RESEARCH,PENDING_RESEARCH,PENDING_TRIANGULATION,PENDING_TRIANGULATION,PENDING_TRIANGULATION,PENDING_TRIANGULATION,PENDING_TRIANGULATION,PENDING_TRIANGULATION,Scanner-ready week/folder markers,Gerar marcadores imprimíveis para navegação,src/emit/week-folder-markers.ts;src/app/api/emit/[projectId]/week-folders/route.ts,PENDING_TRIANGULATION,A_CODE,code_observed,pending,Inventário normalizado a partir da auditoria do main; não implica validação clínica nem deploy verificado.,P1,15,P0-FINAL-02,Comportamento mantido conforme já implementado; nenhum gap aberto identificado nesta triagem V2.2.,"Suíte week-folder-markers.test.ts permanece verde; qualquer alteração futura em Scanner-ready week/folder markers preserva o contrato funcional descrito em ""Gerar marcadores imprimíveis para navegação""; reclassificar esta linha para gap aberto se uma regressão for observada."
2.2.0,FTR-041,feature,PROD-ND-004;PROD-ND-006,RF-041,Docs vivos,Documentos,Projetar estado de execução como documento vivo,implemented_code,not_applicable,,,,,Documento vivo associado ao plano,,src/components/projects/live-execution-document.tsx;src/app/(app)/dashboard/plans/[planId]/docs/vivo/page.tsx,8adab704e4f90f9f19bb07e8f350ca2573fa6993,https://github.com/Executar-26/Executar-app-scanner/blob/main/src/components/projects/live-execution-document.tsx,execution-dashboard-document.test.ts,not_verified,PENDING_TRIANGULATION,PENDING_TRIANGULATION,PENDING_TRIANGULATION,PENDING_RESEARCH,PENDING_RESEARCH,PENDING_RESEARCH,PENDING_RESEARCH,PENDING_TRIANGULATION,PENDING_TRIANGULATION,PENDING_TRIANGULATION,PENDING_TRIANGULATION,PENDING_TRIANGULATION,PENDING_TRIANGULATION,Docs vivos,Projetar estado de execução como documento vivo,src/components/projects/live-execution-document.tsx;src/app/(app)/dashboard/plans/[planId]/docs/vivo/page.tsx,PENDING_TRIANGULATION,A_CODE,code_observed,pending,Inventário normalizado a partir da auditoria do main; não implica validação clínica nem deploy verificado.,P1,16,P0-FINAL-01,Comportamento mantido conforme já implementado; nenhum gap aberto identificado nesta triagem V2.2.,"Suíte execution-dashboard-document.test.ts permanece verde; qualquer alteração futura em Docs vivos preserva o contrato funcional descrito em ""Projetar estado de execução como documento vivo""; reclassificar esta linha para gap aberto se uma regressão for observada."
2.2.0,FTR-042,feature,PROD-ND-012,RF-042,Markdown rendering,Documentos,Exibir documentos textuais estruturados,implemented_code,not_applicable,,,,,Renderização/adaptação Markdown,,src/components/docs/markdown-document.tsx;src/emit/document-rendering/source-adapters/markdown.ts,8adab704e4f90f9f19bb07e8f350ca2573fa6993,https://github.com/Executar-26/Executar-app-scanner/blob/main/src/components/docs/markdown-document.tsx,document-rendering-v2.test.ts,not_verified,PENDING_TRIANGULATION,PENDING_TRIANGULATION,PENDING_TRIANGULATION,PENDING_RESEARCH,PENDING_RESEARCH,PENDING_RESEARCH,PENDING_RESEARCH,PENDING_TRIANGULATION,PENDING_TRIANGULATION,PENDING_TRIANGULATION,PENDING_TRIANGULATION,PENDING_TRIANGULATION,PENDING_TRIANGULATION,Markdown rendering,Exibir documentos textuais estruturados,src/components/docs/markdown-document.tsx;src/emit/document-rendering/source-adapters/markdown.ts,PENDING_TRIANGULATION,A_CODE,code_observed,pending,Inventário normalizado a partir da auditoria do main; não implica validação clínica nem deploy verificado.,P1,17,P0-FINAL-01,Comportamento mantido conforme já implementado; nenhum gap aberto identificado nesta triagem V2.2.,"Suíte document-rendering-v2.test.ts permanece verde; qualquer alteração futura em Markdown rendering preserva o contrato funcional descrito em ""Exibir documentos textuais estruturados""; reclassificar esta linha para gap aberto se uma regressão for observada."
2.2.0,FTR-043,feature,PROD-ND-006;PROD-ND-020,RF-043,Notes / folders,Documentos,Organizar notas e pastas contextuais do plano,implemented_code,not_applicable,,,,,Superfícies de notas/pastas,,src/app/(app)/dashboard/plans/[planId]/docs/notas/[noteId]/page.tsx;src/app/(app)/dashboard/plans/[planId]/docs/pastas/[slug]/page.tsx,8adab704e4f90f9f19bb07e8f350ca2573fa6993,https://github.com/Executar-26/Executar-app-scanner/blob/main/src/app/(app)/dashboard/plans/[planId]/docs/notas/[noteId]/page.tsx,,not_verified,PENDING_TRIANGULATION,PENDING_TRIANGULATION,PENDING_TRIANGULATION,PENDING_RESEARCH,PENDING_RESEARCH,PENDING_RESEARCH,PENDING_RESEARCH,PENDING_TRIANGULATION,PENDING_TRIANGULATION,PENDING_TRIANGULATION,PENDING_TRIANGULATION,PENDING_TRIANGULATION,PENDING_TRIANGULATION,Notes / folders,Organizar notas e pastas contextuais do plano,src/app/(app)/dashboard/plans/[planId]/docs/notas/[noteId]/page.tsx;src/app/(app)/dashboard/plans/[planId]/docs/pastas/[slug]/page.tsx,PENDING_TRIANGULATION,A_CODE,code_observed,pending,Inventário normalizado a partir da auditoria do main; não implica validação clínica nem deploy verificado.,P1,18,P0-FINAL-01,Comportamento mantido conforme já implementado; nenhum gap aberto identificado nesta triagem V2.2.,"Cobertura de teste existente permanece verde; qualquer alteração futura em Notes / folders preserva o contrato funcional descrito em ""Organizar notas e pastas contextuais do plano""; reclassificar esta linha para gap aberto se uma regressão for observada."
2.2.0,FTR-044,feature,PROD-ND-004;PROD-ND-011,RF-044,Document Factory,EMITIR,Gerar documentos a partir de contratos,implemented_code,not_applicable,,,,,"Compiler, resolvers, materialization e validação",,src/emit/document-factory,8adab704e4f90f9f19bb07e8f350ca2573fa6993,https://github.com/Executar-26/Executar-app-scanner/blob/main/src/emit/document-factory,document-contract-runtime-factory.test.ts,not_verified,PENDING_TRIANGULATION,PENDING_TRIANGULATION,PENDING_TRIANGULATION,PENDING_RESEARCH,PENDING_RESEARCH,PENDING_RESEARCH,PENDING_RESEARCH,PENDING_TRIANGULATION,PENDING_TRIANGULATION,PENDING_TRIANGULATION,PENDING_TRIANGULATION,PENDING_TRIANGULATION,PENDING_TRIANGULATION,Document Factory,Gerar documentos a partir de contratos,src/emit/document-factory,PENDING_TRIANGULATION,A_CODE,code_observed,pending,Inventário normalizado a partir da auditoria do main; não implica validação clínica nem deploy verificado.,P1,19,P0-FINAL-01,Comportamento mantido conforme já implementado; nenhum gap aberto identificado nesta triagem V2.2.,"Suíte document-contract-runtime-factory.test.ts permanece verde; qualquer alteração futura em Document Factory preserva o contrato funcional descrito em ""Gerar documentos a partir de contratos""; reclassificar esta linha para gap aberto se uma regressão for observada."
2.2.0,FTR-045,feature,PROD-ND-004,RF-045,Canonical Document,EMITIR,Separar conteúdo semântico da apresentação,implemented_code,not_applicable,,,,,Modelo canônico de documento,,src/emit/document-rendering/schema/document.ts,8adab704e4f90f9f19bb07e8f350ca2573fa6993,https://github.com/Executar-26/Executar-app-scanner/blob/main/src/emit/document-rendering/schema/document.ts,document-rendering-v2.test.ts,not_verified,PENDING_TRIANGULATION,PENDING_TRIANGULATION,PENDING_TRIANGULATION,PENDING_RESEARCH,PENDING_RESEARCH,PENDING_RESEARCH,PENDING_RESEARCH,PENDING_TRIANGULATION,PENDING_TRIANGULATION,PENDING_TRIANGULATION,PENDING_TRIANGULATION,PENDING_TRIANGULATION,PENDING_TRIANGULATION,Canonical Document,Separar conteúdo semântico da apresentação,src/emit/document-rendering/schema/document.ts,PENDING_TRIANGULATION,A_CODE,code_observed,pending,Inventário normalizado a partir da auditoria do main; não implica validação clínica nem deploy verificado.,P1,20,P0-FINAL-01,Comportamento mantido conforme já implementado; nenhum gap aberto identificado nesta triagem V2.2.,"Suíte document-rendering-v2.test.ts permanece verde; qualquer alteração futura em Canonical Document preserva o contrato funcional descrito em ""Separar conteúdo semântico da apresentação""; reclassificar esta linha para gap aberto se uma regressão for observada."
2.2.0,FTR-046,feature,PROD-ND-004;PROD-ND-012,RF-046,Layout Engine,EMITIR,"Calcular densidade, paginação e divisão de blocos",implemented_code,not_applicable,,,,,Motor de layout e pressão de conteúdo,,src/emit/document-rendering/layout/engine.ts;src/emit/document-rendering/layout/content-pressure.ts;src/emit/document-rendering/layout/split-blocks.ts,8adab704e4f90f9f19bb07e8f350ca2573fa6993,https://github.com/Executar-26/Executar-app-scanner/blob/main/src/emit/document-rendering/layout/engine.ts,document-rendering-v2.test.ts,not_verified,PENDING_TRIANGULATION,PENDING_TRIANGULATION,PENDING_TRIANGULATION,PENDING_RESEARCH,PENDING_RESEARCH,PENDING_RESEARCH,PENDING_RESEARCH,PENDING_TRIANGULATION,PENDING_TRIANGULATION,PENDING_TRIANGULATION,PENDING_TRIANGULATION,PENDING_TRIANGULATION,PENDING_TRIANGULATION,Layout Engine,"Calcular densidade, paginação e divisão de blocos",src/emit/document-rendering/layout/engine.ts;src/emit/document-rendering/layout/content-pressure.ts;src/emit/document-rendering/layout/split-blocks.ts,PENDING_TRIANGULATION,A_CODE,code_observed,pending,Inventário normalizado a partir da auditoria do main; não implica validação clínica nem deploy verificado.,P1,21,P0-FINAL-01,Comportamento mantido conforme já implementado; nenhum gap aberto identificado nesta triagem V2.2.,"Suíte document-rendering-v2.test.ts permanece verde; qualquer alteração futura em Layout Engine preserva o contrato funcional descrito em ""Calcular densidade, paginação e divisão de blocos""; reclassificar esta linha para gap aberto se uma regressão for observada."
2.2.0,FTR-047,feature,PROD-ND-004,RF-047,HTML renderer,EMITIR,Renderizar representação HTML paginável,implemented_code,not_applicable,,,,,Renderer HTML,,src/emit/document-rendering/render/html.ts,8adab704e4f90f9f19bb07e8f350ca2573fa6993,https://github.com/Executar-26/Executar-app-scanner/blob/main/src/emit/document-rendering/render/html.ts,document-rendering-v2.test.ts,not_verified,PENDING_TRIANGULATION,PENDING_TRIANGULATION,PENDING_TRIANGULATION,PENDING_RESEARCH,PENDING_RESEARCH,PENDING_RESEARCH,PENDING_RESEARCH,PENDING_TRIANGULATION,PENDING_TRIANGULATION,PENDING_TRIANGULATION,PENDING_TRIANGULATION,PENDING_TRIANGULATION,PENDING_TRIANGULATION,HTML renderer,Renderizar representação HTML paginável,src/emit/document-rendering/render/html.ts,PENDING_TRIANGULATION,A_CODE,code_observed,pending,Inventário normalizado a partir da auditoria do main; não implica validação clínica nem deploy verificado.,P1,22,P0-FINAL-01,Comportamento mantido conforme já implementado; nenhum gap aberto identificado nesta triagem V2.2.,"Suíte document-rendering-v2.test.ts permanece verde; qualquer alteração futura em HTML renderer preserva o contrato funcional descrito em ""Renderizar representação HTML paginável""; reclassificar esta linha para gap aberto se uma regressão for observada."
2.2.0,FTR-048,feature,PROD-ND-004,RF-048,SVG physical renderer,EMITIR,Renderizar saída vetorial física determinística,implemented_code,not_applicable,,,,,Renderer SVG físico,,src/emit/document-rendering/render/svg.ts,8adab704e4f90f9f19bb07e8f350ca2573fa6993,https://github.com/Executar-26/Executar-app-scanner/blob/main/src/emit/document-rendering/render/svg.ts,document-rendering-v2.test.ts,not_verified,PENDING_TRIANGULATION,PENDING_TRIANGULATION,PENDING_TRIANGULATION,PENDING_RESEARCH,PENDING_RESEARCH,PENDING_RESEARCH,PENDING_RESEARCH,PENDING_TRIANGULATION,PENDING_TRIANGULATION,PENDING_TRIANGULATION,PENDING_TRIANGULATION,PENDING_TRIANGULATION,PENDING_TRIANGULATION,SVG physical renderer,Renderizar saída vetorial física determinística,src/emit/document-rendering/render/svg.ts,PENDING_TRIANGULATION,A_CODE,code_observed,pending,Inventário normalizado a partir da auditoria do main; não implica validação clínica nem deploy verificado.,P1,23,P0-FINAL-01,Comportamento mantido conforme já implementado; nenhum gap aberto identificado nesta triagem V2.2.,"Suíte document-rendering-v2.test.ts permanece verde; qualquer alteração futura em SVG physical renderer preserva o contrato funcional descrito em ""Renderizar saída vetorial física determinística""; reclassificar esta linha para gap aberto se uma regressão for observada."
2.2.0,FTR-049,feature,PROD-ND-004;PROD-ND-006,RF-049,Print preflight,EMITIR,"Validar geometria, texto, QR, overflow, fonte e links",implemented_code,not_applicable,,,,,Preflight de impressão,,src/emit/document-rendering/preflight/index.ts;src/emit/document-rendering/preflight/qr-verifier.ts,8adab704e4f90f9f19bb07e8f350ca2573fa6993,https://github.com/Executar-26/Executar-app-scanner/blob/main/src/emit/document-rendering/preflight/index.ts,document-rendering-v2.test.ts,not_verified,PENDING_TRIANGULATION,PENDING_TRIANGULATION,PENDING_TRIANGULATION,PENDING_RESEARCH,PENDING_RESEARCH,PENDING_RESEARCH,PENDING_RESEARCH,PENDING_TRIANGULATION,PENDING_TRIANGULATION,PENDING_TRIANGULATION,PENDING_TRIANGULATION,PENDING_TRIANGULATION,PENDING_TRIANGULATION,Print preflight,"Validar geometria, texto, QR, overflow, fonte e links",src/emit/document-rendering/preflight/index.ts;src/emit/document-rendering/preflight/qr-verifier.ts,PENDING_TRIANGULATION,A_CODE,code_observed,pending,Inventário normalizado a partir da auditoria do main; não implica validação clínica nem deploy verificado.,P1,24,P0-FINAL-01,Comportamento mantido conforme já implementado; nenhum gap aberto identificado nesta triagem V2.2.,"Suíte document-rendering-v2.test.ts permanece verde; qualquer alteração futura em Print preflight preserva o contrato funcional descrito em ""Validar geometria, texto, QR, overflow, fonte e links""; reclassificar esta linha para gap aberto se uma regressão for observada."
2.2.0,FTR-050,feature,PROD-ND-004,RF-050,PDF production boundary,EMITIR,Definir fronteira controlada para PDF/PDF-X,implemented_code,not_applicable,,,,,Contrato de infraestrutura PDF,Execução real de serviço PDF em produção não inferida apenas do contrato,src/emit/document-rendering/server/pdf-contract.ts,8adab704e4f90f9f19bb07e8f350ca2573fa6993,https://github.com/Executar-26/Executar-app-scanner/blob/main/src/emit/document-rendering/server/pdf-contract.ts,,not_verified,PENDING_TRIANGULATION,PENDING_TRIANGULATION,PENDING_TRIANGULATION,PENDING_RESEARCH,PENDING_RESEARCH,PENDING_RESEARCH,PENDING_RESEARCH,PENDING_TRIANGULATION,PENDING_TRIANGULATION,PENDING_TRIANGULATION,PENDING_TRIANGULATION,PENDING_TRIANGULATION,PENDING_TRIANGULATION,PDF production boundary,Definir fronteira controlada para PDF/PDF-X,src/emit/document-rendering/server/pdf-contract.ts,PENDING_TRIANGULATION,A_CODE,code_observed,pending,Inventário normalizado a partir da auditoria do main; não implica validação clínica nem deploy verificado.,P1,25,P0-FINAL-01,"Execução real de serviço PDF em produção não inferida apenas do contrato. Concluído, integrado ao estado canônico e coberto por teste automatizado.",O comportamento já implementado (Contrato de infraestrutura PDF) permanece intacto; o gap descrito é fechado sem duplicar fonte de estado; teste automatizado novo cobre o gap; revisão confirma que a extensão não introduz um segundo caminho de verdade para PDF production boundary.
2.2.0,FTR-051,feature,PROD-ND-004;PROD-ND-006,RF-051,Document instances,Documentos,Persistir instâncias concretas separadas do template,implemented_code,not_applicable,,,,,Persistência de instâncias e fluxo de emissão,,src/persistence/document-instance-repository.ts;src/emit/emit-document-instance.ts,8adab704e4f90f9f19bb07e8f350ca2573fa6993,https://github.com/Executar-26/Executar-app-scanner/blob/main/src/persistence/document-instance-repository.ts,document-instance-persistence.test.ts;emit-document-instance.test.ts,not_verified,PENDING_TRIANGULATION,PENDING_TRIANGULATION,PENDING_TRIANGULATION,PENDING_RESEARCH,PENDING_RESEARCH,PENDING_RESEARCH,PENDING_RESEARCH,PENDING_TRIANGULATION,PENDING_TRIANGULATION,PENDING_TRIANGULATION,PENDING_TRIANGULATION,PENDING_TRIANGULATION,PENDING_TRIANGULATION,Document instances,Persistir instâncias concretas separadas do template,src/persistence/document-instance-repository.ts;src/emit/emit-document-instance.ts,PENDING_TRIANGULATION,A_CODE,code_observed,pending,Inventário normalizado a partir da auditoria do main; não implica validação clínica nem deploy verificado.,P1,26,P0-FINAL-01,Comportamento mantido conforme já implementado; nenhum gap aberto identificado nesta triagem V2.2.,"Suíte document-instance-persistence.test.ts;emit-document-instance.test.ts permanece verde; qualquer alteração futura em Document instances preserva o contrato funcional descrito em ""Persistir instâncias concretas separadas do template""; reclassificar esta linha para gap aberto se uma regressão for observada."
2.2.0,FTR-052,feature,PROD-ND-004;PROD-ND-009,RF-052,Templates / overrides,EMITIR,Customizar apresentação sem alterar fonte canônica,implemented_code,not_applicable,,,,,Templates de usuário e overrides,,src/emit/user-templates.ts;src/emit/emit-template-overrides.ts;src/components/projects/emit-template-selector.tsx,8adab704e4f90f9f19bb07e8f350ca2573fa6993,https://github.com/Executar-26/Executar-app-scanner/blob/main/src/emit/user-templates.ts,emit-user-templates.test.ts,not_verified,PENDING_TRIANGULATION,PENDING_TRIANGULATION,PENDING_TRIANGULATION,PENDING_RESEARCH,PENDING_RESEARCH,PENDING_RESEARCH,PENDING_RESEARCH,PENDING_TRIANGULATION,PENDING_TRIANGULATION,PENDING_TRIANGULATION,PENDING_TRIANGULATION,PENDING_TRIANGULATION,PENDING_TRIANGULATION,Templates / overrides,Customizar apresentação sem alterar fonte canônica,src/emit/user-templates.ts;src/emit/emit-template-overrides.ts;src/components/projects/emit-template-selector.tsx,PENDING_TRIANGULATION,A_CODE,code_observed,pending,Inventário normalizado a partir da auditoria do main; não implica validação clínica nem deploy verificado.,P1,27,P0-FINAL-01,Comportamento mantido conforme já implementado; nenhum gap aberto identificado nesta triagem V2.2.,"Suíte emit-user-templates.test.ts permanece verde; qualquer alteração futura em Templates / overrides preserva o contrato funcional descrito em ""Customizar apresentação sem alterar fonte canônica""; reclassificar esta linha para gap aberto se uma regressão for observada."
2.2.0,FTR-053,feature,PROD-ND-004,RF-053,Plan Print / Portfolio Sheet,EMITIR,Gerar superfícies físicas do plano/portfolio,implemented_code,not_applicable,,,,,Geração de plan print e portfolio sheet,,src/emit/plan-print.ts;src/emit/plan-print-production.ts;src/emit/portfolio-sheet.ts,8adab704e4f90f9f19bb07e8f350ca2573fa6993,https://github.com/Executar-26/Executar-app-scanner/blob/main/src/emit/plan-print.ts,plan-print.test.ts;plan-print-production.test.ts;portfolio-sheet.test.ts,not_verified,PENDING_TRIANGULATION,PENDING_TRIANGULATION,PENDING_TRIANGULATION,PENDING_RESEARCH,PENDING_RESEARCH,PENDING_RESEARCH,PENDING_RESEARCH,PENDING_TRIANGULATION,PENDING_TRIANGULATION,PENDING_TRIANGULATION,PENDING_TRIANGULATION,PENDING_TRIANGULATION,PENDING_TRIANGULATION,Plan Print / Portfolio Sheet,Gerar superfícies físicas do plano/portfolio,src/emit/plan-print.ts;src/emit/plan-print-production.ts;src/emit/portfolio-sheet.ts,PENDING_TRIANGULATION,A_CODE,code_observed,pending,Inventário normalizado a partir da auditoria do main; não implica validação clínica nem deploy verificado.,P1,28,P0-FINAL-01,Comportamento mantido conforme já implementado; nenhum gap aberto identificado nesta triagem V2.2.,"Suíte plan-print.test.ts;plan-print-production.test.ts;portfolio-sheet.test.ts permanece verde; qualquer alteração futura em Plan Print / Portfolio Sheet preserva o contrato funcional descrito em ""Gerar superfícies físicas do plano/portfolio""; reclassificar esta linha para gap aberto se uma regressão for observada."
2.2.0,FTR-054,feature,PROD-ND-004,RF-054,EMITIR,EMITIR,Centralizar emissão de artefatos do ecossistema,implemented_code,not_applicable,,,,,Superfície e API de emissão,,src/app/(app)/dashboard/plans/[planId]/emit/page.tsx;src/app/api/emit/[projectId]/[kind]/route.ts,8adab704e4f90f9f19bb07e8f350ca2573fa6993,https://github.com/Executar-26/Executar-app-scanner/blob/main/src/app/(app)/dashboard/plans/[planId]/emit/page.tsx,emit-engine.test.ts,not_verified,PENDING_TRIANGULATION,PENDING_TRIANGULATION,PENDING_TRIANGULATION,PENDING_RESEARCH,PENDING_RESEARCH,PENDING_RESEARCH,PENDING_RESEARCH,PENDING_TRIANGULATION,PENDING_TRIANGULATION,PENDING_TRIANGULATION,PENDING_TRIANGULATION,PENDING_TRIANGULATION,PENDING_TRIANGULATION,EMITIR,Centralizar emissão de artefatos do ecossistema,src/app/(app)/dashboard/plans/[planId]/emit/page.tsx;src/app/api/emit/[projectId]/[kind]/route.ts,PENDING_TRIANGULATION,A_CODE,code_observed,pending,Inventário normalizado a partir da auditoria do main; não implica validação clínica nem deploy verificado.,P1,29,P0-FINAL-01,Comportamento mantido conforme já implementado; nenhum gap aberto identificado nesta triagem V2.2.,"Suíte emit-engine.test.ts permanece verde; qualquer alteração futura em EMITIR preserva o contrato funcional descrito em ""Centralizar emissão de artefatos do ecossistema""; reclassificar esta linha para gap aberto se uma regressão for observada."
2.2.0,FTR-055,feature,PROD-ND-005,RF-055,Bom dia Copiloto runtime,Copiloto/MCP,Reconstruir e apresentar estado operacional atual,implemented_code,not_applicable,,,,,Runtime do copiloto com estado operacional,,src/mcp/copilot-runtime.ts,8adab704e4f90f9f19bb07e8f350ca2573fa6993,https://github.com/Executar-26/Executar-app-scanner/blob/main/src/mcp/copilot-runtime.ts,mcp-copilot-contract.test.ts,not_verified,PENDING_TRIANGULATION,PENDING_TRIANGULATION,PENDING_TRIANGULATION,PENDING_RESEARCH,PENDING_RESEARCH,PENDING_RESEARCH,PENDING_RESEARCH,PENDING_TRIANGULATION,PENDING_TRIANGULATION,PENDING_TRIANGULATION,PENDING_TRIANGULATION,PENDING_TRIANGULATION,PENDING_TRIANGULATION,Bom dia Copiloto runtime,Reconstruir e apresentar estado operacional atual,src/mcp/copilot-runtime.ts,PENDING_TRIANGULATION,A_CODE,code_observed,pending,Inventário normalizado a partir da auditoria do main; não implica validação clínica nem deploy verificado.,P1,30,P0-FINAL-01;P0-FINAL-02,Comportamento mantido conforme já implementado; nenhum gap aberto identificado nesta triagem V2.2.,"Suíte mcp-copilot-contract.test.ts permanece verde; qualquer alteração futura em Bom dia Copiloto runtime preserva o contrato funcional descrito em ""Reconstruir e apresentar estado operacional atual""; reclassificar esta linha para gap aberto se uma regressão for observada."
2.2.0,FTR-056,feature,PROD-ND-005;PROD-ND-010,RF-056,Daily selection,Copiloto/MCP,Selecionar blocos executáveis do dia,implemented_code,not_applicable,,,,,Seleção diária governada por estado,,src/mcp/copilot-runtime.ts;src/mcp/execution-state-engine.ts,8adab704e4f90f9f19bb07e8f350ca2573fa6993,https://github.com/Executar-26/Executar-app-scanner/blob/main/src/mcp/copilot-runtime.ts,mcp-copilot-contract.test.ts,not_verified,PENDING_TRIANGULATION,PENDING_TRIANGULATION,PENDING_TRIANGULATION,PENDING_RESEARCH,PENDING_RESEARCH,PENDING_RESEARCH,PENDING_RESEARCH,PENDING_TRIANGULATION,PENDING_TRIANGULATION,PENDING_TRIANGULATION,PENDING_TRIANGULATION,PENDING_TRIANGULATION,PENDING_TRIANGULATION,Daily selection,Selecionar blocos executáveis do dia,src/mcp/copilot-runtime.ts;src/mcp/execution-state-engine.ts,PENDING_TRIANGULATION,A_CODE,code_observed,pending,Inventário normalizado a partir da auditoria do main; não implica validação clínica nem deploy verificado.,P1,31,P0-FINAL-01;P0-FINAL-02,Comportamento mantido conforme já implementado; nenhum gap aberto identificado nesta triagem V2.2.,"Suíte mcp-copilot-contract.test.ts permanece verde; qualquer alteração futura em Daily selection preserva o contrato funcional descrito em ""Selecionar blocos executáveis do dia""; reclassificar esta linha para gap aberto se uma regressão for observada."
2.2.0,FTR-057,feature,PROD-ND-006;PROD-ND-007,RF-057,Execution State Engine,Copiloto/MCP,Governar máquina de estados da execução,implemented_code,not_applicable,,,,,Engine de estado,,src/mcp/execution-state-engine.ts,8adab704e4f90f9f19bb07e8f350ca2573fa6993,https://github.com/Executar-26/Executar-app-scanner/blob/main/src/mcp/execution-state-engine.ts,mcp-execution-state-engine.test.ts,not_verified,PENDING_TRIANGULATION,PENDING_TRIANGULATION,PENDING_TRIANGULATION,PENDING_RESEARCH,PENDING_RESEARCH,PENDING_RESEARCH,PENDING_RESEARCH,PENDING_TRIANGULATION,PENDING_TRIANGULATION,PENDING_TRIANGULATION,PENDING_TRIANGULATION,PENDING_TRIANGULATION,PENDING_TRIANGULATION,Execution State Engine,Governar máquina de estados da execução,src/mcp/execution-state-engine.ts,PENDING_TRIANGULATION,A_CODE,code_observed,pending,Inventário normalizado a partir da auditoria do main; não implica validação clínica nem deploy verificado.,P1,32,P0-FINAL-01;P0-FINAL-02,Comportamento mantido conforme já implementado; nenhum gap aberto identificado nesta triagem V2.2.,"Suíte mcp-execution-state-engine.test.ts permanece verde; qualquer alteração futura em Execution State Engine preserva o contrato funcional descrito em ""Governar máquina de estados da execução""; reclassificar esta linha para gap aberto se uma regressão for observada."
2.2.0,FTR-058,feature,PROD-ND-006;PROD-ND-011,RF-058,Gates,Copiloto/MCP,Bloquear avanço sem condição,implemented_code,not_applicable,,,,,Gates explícitos,,src/mcp/execution-state-engine.ts,8adab704e4f90f9f19bb07e8f350ca2573fa6993,https://github.com/Executar-26/Executar-app-scanner/blob/main/src/mcp/execution-state-engine.ts,mcp-state-gates-wip.test.ts,not_verified,PENDING_TRIANGULATION,PENDING_TRIANGULATION,PENDING_TRIANGULATION,PENDING_RESEARCH,PENDING_RESEARCH,PENDING_RESEARCH,PENDING_RESEARCH,PENDING_TRIANGULATION,PENDING_TRIANGULATION,PENDING_TRIANGULATION,PENDING_TRIANGULATION,PENDING_TRIANGULATION,PENDING_TRIANGULATION,Gates,Bloquear avanço sem condição,src/mcp/execution-state-engine.ts,PENDING_TRIANGULATION,A_CODE,code_observed,pending,Inventário normalizado a partir da auditoria do main; não implica validação clínica nem deploy verificado.,P1,33,P0-FINAL-01;P0-FINAL-02,Comportamento mantido conforme já implementado; nenhum gap aberto identificado nesta triagem V2.2.,"Suíte mcp-state-gates-wip.test.ts permanece verde; qualquer alteração futura em Gates preserva o contrato funcional descrito em ""Bloquear avanço sem condição""; reclassificar esta linha para gap aberto se uma regressão for observada."
2.2.0,FTR-059,feature,PROD-ND-006,RF-059,Evidence,Copiloto/MCP,Associar conclusão/verificação a evidência,implemented_code,not_applicable,,,,,EvidenceRequired e verificationStatus no domínio/engine,,src/mcp/execution-state-engine.ts;src/domain/execution.ts,8adab704e4f90f9f19bb07e8f350ca2573fa6993,https://github.com/Executar-26/Executar-app-scanner/blob/main/src/mcp/execution-state-engine.ts,mcp-execution-state-engine.test.ts,not_verified,PENDING_TRIANGULATION,PENDING_TRIANGULATION,PENDING_TRIANGULATION,PENDING_RESEARCH,PENDING_RESEARCH,PENDING_RESEARCH,PENDING_RESEARCH,PENDING_TRIANGULATION,PENDING_TRIANGULATION,PENDING_TRIANGULATION,PENDING_TRIANGULATION,PENDING_TRIANGULATION,PENDING_TRIANGULATION,Evidence,Associar conclusão/verificação a evidência,src/mcp/execution-state-engine.ts;src/domain/execution.ts,PENDING_TRIANGULATION,A_CODE,code_observed,pending,Inventário normalizado a partir da auditoria do main; não implica validação clínica nem deploy verificado.,P1,34,P0-FINAL-01;P0-FINAL-02,Comportamento mantido conforme já implementado; nenhum gap aberto identificado nesta triagem V2.2.,"Suíte mcp-execution-state-engine.test.ts permanece verde; qualquer alteração futura em Evidence preserva o contrato funcional descrito em ""Associar conclusão/verificação a evidência""; reclassificar esta linha para gap aberto se uma regressão for observada."
2.2.0,FTR-060,feature,PROD-ND-005;PROD-ND-010,RF-060,Blockers,Copiloto/MCP,Representar impedimentos explicitamente,implemented_code,not_applicable,,,,,Campo blocker e runtime de blockers,,src/mcp/copilot-runtime.ts;src/domain/execution.ts,8adab704e4f90f9f19bb07e8f350ca2573fa6993,https://github.com/Executar-26/Executar-app-scanner/blob/main/src/mcp/copilot-runtime.ts,mcp-copilot-contract.test.ts,not_verified,PENDING_TRIANGULATION,PENDING_TRIANGULATION,PENDING_TRIANGULATION,PENDING_RESEARCH,PENDING_RESEARCH,PENDING_RESEARCH,PENDING_RESEARCH,PENDING_TRIANGULATION,PENDING_TRIANGULATION,PENDING_TRIANGULATION,PENDING_TRIANGULATION,PENDING_TRIANGULATION,PENDING_TRIANGULATION,Blockers,Representar impedimentos explicitamente,src/mcp/copilot-runtime.ts;src/domain/execution.ts,PENDING_TRIANGULATION,A_CODE,code_observed,pending,Inventário normalizado a partir da auditoria do main; não implica validação clínica nem deploy verificado.,P1,35,P0-FINAL-01;P0-FINAL-02,Comportamento mantido conforme já implementado; nenhum gap aberto identificado nesta triagem V2.2.,"Suíte mcp-copilot-contract.test.ts permanece verde; qualquer alteração futura em Blockers preserva o contrato funcional descrito em ""Representar impedimentos explicitamente""; reclassificar esta linha para gap aberto se uma regressão for observada."
2.2.0,FTR-061,feature,PROD-ND-005,RF-061,Skill Runtime,Copiloto/MCP,Executar capacidades governadas como skills,implemented_code,not_applicable,,,,,Runtime de skills,,src/mcp/skill-runtime.ts,8adab704e4f90f9f19bb07e8f350ca2573fa6993,https://github.com/Executar-26/Executar-app-scanner/blob/main/src/mcp/skill-runtime.ts,mcp-skill-installation.test.ts,not_verified,PENDING_TRIANGULATION,PENDING_TRIANGULATION,PENDING_TRIANGULATION,PENDING_RESEARCH,PENDING_RESEARCH,PENDING_RESEARCH,PENDING_RESEARCH,PENDING_TRIANGULATION,PENDING_TRIANGULATION,PENDING_TRIANGULATION,PENDING_TRIANGULATION,PENDING_TRIANGULATION,PENDING_TRIANGULATION,Skill Runtime,Executar capacidades governadas como skills,src/mcp/skill-runtime.ts,PENDING_TRIANGULATION,A_CODE,code_observed,pending,Inventário normalizado a partir da auditoria do main; não implica validação clínica nem deploy verificado.,P1,36,P0-FINAL-01;P0-FINAL-02,Comportamento mantido conforme já implementado; nenhum gap aberto identificado nesta triagem V2.2.,"Suíte mcp-skill-installation.test.ts permanece verde; qualquer alteração futura em Skill Runtime preserva o contrato funcional descrito em ""Executar capacidades governadas como skills""; reclassificar esta linha para gap aberto se uma regressão for observada."
2.2.0,FTR-062,feature,PROD-ND-002;PROD-ND-005,RF-062,Skill semantics / registry,Copiloto/MCP,Registrar e resolver semântica de capacidades,implemented_code,not_applicable,,,,,Registry e semântica de skills/tools,,src/mcp/skill-semantics.ts;src/mcp/registry.ts,8adab704e4f90f9f19bb07e8f350ca2573fa6993,https://github.com/Executar-26/Executar-app-scanner/blob/main/src/mcp/skill-semantics.ts,mcp-registry.test.ts;mcp-semantic-contract.test.ts,not_verified,PENDING_TRIANGULATION,PENDING_TRIANGULATION,PENDING_TRIANGULATION,PENDING_RESEARCH,PENDING_RESEARCH,PENDING_RESEARCH,PENDING_RESEARCH,PENDING_TRIANGULATION,PENDING_TRIANGULATION,PENDING_TRIANGULATION,PENDING_TRIANGULATION,PENDING_TRIANGULATION,PENDING_TRIANGULATION,Skill semantics / registry,Registrar e resolver semântica de capacidades,src/mcp/skill-semantics.ts;src/mcp/registry.ts,PENDING_TRIANGULATION,A_CODE,code_observed,pending,Inventário normalizado a partir da auditoria do main; não implica validação clínica nem deploy verificado.,P1,37,P0-FINAL-01;P0-FINAL-02,Comportamento mantido conforme já implementado; nenhum gap aberto identificado nesta triagem V2.2.,"Suíte mcp-registry.test.ts;mcp-semantic-contract.test.ts permanece verde; qualquer alteração futura em Skill semantics / registry preserva o contrato funcional descrito em ""Registrar e resolver semântica de capacidades""; reclassificar esta linha para gap aberto se uma regressão for observada."
2.2.0,FTR-063,feature,PROD-ND-011,RF-063,Schema validation,Copiloto/MCP,Validar contratos na automação,implemented_code,not_applicable,,,,,Validador e schemas MCP,,src/mcp/schema-validator.ts;src/mcp/v22-schemas.ts,8adab704e4f90f9f19bb07e8f350ca2573fa6993,https://github.com/Executar-26/Executar-app-scanner/blob/main/src/mcp/schema-validator.ts,mcp-schema-validator.test.ts,not_verified,PENDING_TRIANGULATION,PENDING_TRIANGULATION,PENDING_TRIANGULATION,PENDING_RESEARCH,PENDING_RESEARCH,PENDING_RESEARCH,PENDING_RESEARCH,PENDING_TRIANGULATION,PENDING_TRIANGULATION,PENDING_TRIANGULATION,PENDING_TRIANGULATION,PENDING_TRIANGULATION,PENDING_TRIANGULATION,Schema validation,Validar contratos na automação,src/mcp/schema-validator.ts;src/mcp/v22-schemas.ts,PENDING_TRIANGULATION,A_CODE,code_observed,pending,Inventário normalizado a partir da auditoria do main; não implica validação clínica nem deploy verificado.,P1,38,P0-FINAL-01;P0-FINAL-02,Comportamento mantido conforme já implementado; nenhum gap aberto identificado nesta triagem V2.2.,"Suíte mcp-schema-validator.test.ts permanece verde; qualquer alteração futura em Schema validation preserva o contrato funcional descrito em ""Validar contratos na automação""; reclassificar esta linha para gap aberto se uma regressão for observada."
2.2.0,FTR-064,feature,PROD-ND-006;PROD-ND-020,RF-064,Vault,Persistência,Persistir/recuperar conhecimento e artefatos auxiliares,implemented_code,not_applicable,,,,,Vault repository/actions,,src/persistence/vault-repository.ts;src/lib/vault-actions.ts,8adab704e4f90f9f19bb07e8f350ca2573fa6993,https://github.com/Executar-26/Executar-app-scanner/blob/main/src/persistence/vault-repository.ts,,not_verified,PENDING_TRIANGULATION,PENDING_TRIANGULATION,PENDING_TRIANGULATION,PENDING_RESEARCH,PENDING_RESEARCH,PENDING_RESEARCH,PENDING_RESEARCH,PENDING_TRIANGULATION,PENDING_TRIANGULATION,PENDING_TRIANGULATION,PENDING_TRIANGULATION,PENDING_TRIANGULATION,PENDING_TRIANGULATION,Vault,Persistir/recuperar conhecimento e artefatos auxiliares,src/persistence/vault-repository.ts;src/lib/vault-actions.ts,PENDING_TRIANGULATION,A_CODE,code_observed,pending,Inventário normalizado a partir da auditoria do main; não implica validação clínica nem deploy verificado.,P0,25,P0-FINAL-01,Comportamento mantido conforme já implementado; nenhum gap aberto identificado nesta triagem V2.2.,"Cobertura de teste existente permanece verde; qualquer alteração futura em Vault preserva o contrato funcional descrito em ""Persistir/recuperar conhecimento e artefatos auxiliares""; reclassificar esta linha para gap aberto se uma regressão for observada."
2.2.0,FTR-065,feature,,RF-065,Binary artifacts runtime,Copiloto/MCP,Manipular artefatos binários via runtime,implemented_code,not_applicable,,,,,Runtime binário,,src/mcp/binary-artifact-runtime.ts,8adab704e4f90f9f19bb07e8f350ca2573fa6993,https://github.com/Executar-26/Executar-app-scanner/blob/main/src/mcp/binary-artifact-runtime.ts,mcp-binary-artifacts.test.ts,not_verified,PENDING_TRIANGULATION,PENDING_TRIANGULATION,PENDING_TRIANGULATION,PENDING_RESEARCH,PENDING_RESEARCH,PENDING_RESEARCH,PENDING_RESEARCH,PENDING_TRIANGULATION,PENDING_TRIANGULATION,PENDING_TRIANGULATION,PENDING_TRIANGULATION,PENDING_TRIANGULATION,PENDING_TRIANGULATION,Binary artifacts runtime,Manipular artefatos binários via runtime,src/mcp/binary-artifact-runtime.ts,PENDING_TRIANGULATION,A_CODE,code_observed,pending,Inventário normalizado a partir da auditoria do main; não implica validação clínica nem deploy verificado.,P1,39,P0-FINAL-01;P0-FINAL-02,Comportamento mantido conforme já implementado; nenhum gap aberto identificado nesta triagem V2.2.,"Suíte mcp-binary-artifacts.test.ts permanece verde; qualquer alteração futura em Binary artifacts runtime preserva o contrato funcional descrito em ""Manipular artefatos binários via runtime""; reclassificar esta linha para gap aberto se uma regressão for observada."
2.2.0,FTR-066,feature,,RF-066,XLSX runtime,Copiloto/MCP,Manipular planilhas/artefatos tabulares,implemented_code,not_applicable,,,,,Runtime XLSX,,src/mcp/xlsx-runtime.ts,8adab704e4f90f9f19bb07e8f350ca2573fa6993,https://github.com/Executar-26/Executar-app-scanner/blob/main/src/mcp/xlsx-runtime.ts,,not_verified,PENDING_TRIANGULATION,PENDING_TRIANGULATION,PENDING_TRIANGULATION,PENDING_RESEARCH,PENDING_RESEARCH,PENDING_RESEARCH,PENDING_RESEARCH,PENDING_TRIANGULATION,PENDING_TRIANGULATION,PENDING_TRIANGULATION,PENDING_TRIANGULATION,PENDING_TRIANGULATION,PENDING_TRIANGULATION,XLSX runtime,Manipular planilhas/artefatos tabulares,src/mcp/xlsx-runtime.ts,PENDING_TRIANGULATION,A_CODE,code_observed,pending,Inventário normalizado a partir da auditoria do main; não implica validação clínica nem deploy verificado.,P1,40,P0-FINAL-01;P0-FINAL-02,Comportamento mantido conforme já implementado; nenhum gap aberto identificado nesta triagem V2.2.,"Cobertura de teste existente permanece verde; qualquer alteração futura em XLSX runtime preserva o contrato funcional descrito em ""Manipular planilhas/artefatos tabulares""; reclassificar esta linha para gap aberto se uma regressão for observada."
2.2.0,FTR-067,feature,,RF-067,PWA,Plataforma,Permitir instalação e shell web-app,implemented_code,not_applicable,,,,,Manifest e service worker,,src/app/manifest.ts;src/app/sw.ts;public/sw.js,8adab704e4f90f9f19bb07e8f350ca2573fa6993,https://github.com/Executar-26/Executar-app-scanner/blob/main/src/app/manifest.ts,,not_verified,PENDING_TRIANGULATION,PENDING_TRIANGULATION,PENDING_TRIANGULATION,PENDING_RESEARCH,PENDING_RESEARCH,PENDING_RESEARCH,PENDING_RESEARCH,PENDING_TRIANGULATION,PENDING_TRIANGULATION,PENDING_TRIANGULATION,PENDING_TRIANGULATION,PENDING_TRIANGULATION,PENDING_TRIANGULATION,PWA,Permitir instalação e shell web-app,src/app/manifest.ts;src/app/sw.ts;public/sw.js,PENDING_TRIANGULATION,A_CODE,code_observed,pending,Inventário normalizado a partir da auditoria do main; não implica validação clínica nem deploy verificado.,P0,26,P0-FINAL-01,Comportamento mantido conforme já implementado; nenhum gap aberto identificado nesta triagem V2.2.,"Cobertura de teste existente permanece verde; qualquer alteração futura em PWA preserva o contrato funcional descrito em ""Permitir instalação e shell web-app""; reclassificar esta linha para gap aberto se uma regressão for observada."
2.2.0,FTR-068,feature,,RF-068,Offline surface / service worker,Plataforma,Oferecer fallback/continuidade offline,implemented_code,not_applicable,,,,,Página offline e service worker,,src/app/offline/page.tsx;src/app/sw.ts;public/sw.js,8adab704e4f90f9f19bb07e8f350ca2573fa6993,https://github.com/Executar-26/Executar-app-scanner/blob/main/src/app/offline/page.tsx,,not_verified,PENDING_TRIANGULATION,PENDING_TRIANGULATION,PENDING_TRIANGULATION,PENDING_RESEARCH,PENDING_RESEARCH,PENDING_RESEARCH,PENDING_RESEARCH,PENDING_TRIANGULATION,PENDING_TRIANGULATION,PENDING_TRIANGULATION,PENDING_TRIANGULATION,PENDING_TRIANGULATION,PENDING_TRIANGULATION,Offline surface / service worker,Oferecer fallback/continuidade offline,src/app/offline/page.tsx;src/app/sw.ts;public/sw.js,PENDING_TRIANGULATION,A_CODE,code_observed,pending,Inventário normalizado a partir da auditoria do main; não implica validação clínica nem deploy verificado.,P0,27,P0-FINAL-01,Comportamento mantido conforme já implementado; nenhum gap aberto identificado nesta triagem V2.2.,"Cobertura de teste existente permanece verde; qualquer alteração futura em Offline surface / service worker preserva o contrato funcional descrito em ""Oferecer fallback/continuidade offline""; reclassificar esta linha para gap aberto se uma regressão for observada."
2.2.0,FTR-069,feature,,RF-069,Supabase persistence,Plataforma,Persistir domínio e operações,implemented_code,not_applicable,,,,,Persistência Supabase e migrations,,src/persistence/execution-repository.ts;src/lib/supabase;supabase/migrations,8adab704e4f90f9f19bb07e8f350ca2573fa6993,https://github.com/Executar-26/Executar-app-scanner/blob/main/src/persistence/execution-repository.ts,execution-repository.test.ts,not_verified,PENDING_TRIANGULATION,PENDING_TRIANGULATION,PENDING_TRIANGULATION,PENDING_RESEARCH,PENDING_RESEARCH,PENDING_RESEARCH,PENDING_RESEARCH,PENDING_TRIANGULATION,PENDING_TRIANGULATION,PENDING_TRIANGULATION,PENDING_TRIANGULATION,PENDING_TRIANGULATION,PENDING_TRIANGULATION,Supabase persistence,Persistir domínio e operações,src/persistence/execution-repository.ts;src/lib/supabase;supabase/migrations,PENDING_TRIANGULATION,A_CODE,code_observed,pending,Inventário normalizado a partir da auditoria do main; não implica validação clínica nem deploy verificado.,P0,28,P0-FINAL-01,Comportamento mantido conforme já implementado; nenhum gap aberto identificado nesta triagem V2.2.,"Suíte execution-repository.test.ts permanece verde; qualquer alteração futura em Supabase persistence preserva o contrato funcional descrito em ""Persistir domínio e operações""; reclassificar esta linha para gap aberto se uma regressão for observada."
2.2.0,FTR-070,feature,,RF-070,Anonymous session,Plataforma,Reduzir fricção de entrada,partial_code,not_applicable,,,,,Código de sessão anônima/entrada existe,Funcionamento end-to-end em produção não deve ser assumido sem verificação,src/lib/supabase/proxy.ts;src/app/enter/route.ts,8adab704e4f90f9f19bb07e8f350ca2573fa6993,https://github.com/Executar-26/Executar-app-scanner/blob/main/src/lib/supabase/proxy.ts,,not_verified,PENDING_TRIANGULATION,PENDING_TRIANGULATION,PENDING_TRIANGULATION,PENDING_RESEARCH,PENDING_RESEARCH,PENDING_RESEARCH,PENDING_RESEARCH,PENDING_TRIANGULATION,PENDING_TRIANGULATION,PENDING_TRIANGULATION,PENDING_TRIANGULATION,PENDING_TRIANGULATION,PENDING_TRIANGULATION,Anonymous session,Reduzir fricção de entrada,src/lib/supabase/proxy.ts;src/app/enter/route.ts,PENDING_TRIANGULATION,A_CODE_PARTIAL,partial_observed,pending,Inventário normalizado a partir da auditoria do main; não implica validação clínica nem deploy verificado.,P0,29,P0-FINAL-01,"Funcionamento end-to-end em produção não deve ser assumido sem verificação. Concluído, integrado ao estado canônico e coberto por teste automatizado.",O comportamento já implementado (Código de sessão anônima/entrada existe) permanece intacto; o gap descrito é fechado sem duplicar fonte de estado; teste automatizado novo cobre o gap; revisão confirma que a extensão não introduz um segundo caminho de verdade para Anonymous session.
2.2.0,FTR-071,feature,,RF-071,Google OAuth,Plataforma,Autenticar identidade Google,implemented_code,not_applicable,,,,,Fluxo/callback documentado e codificado,,src/app/auth/callback/route.ts;docs/auth/GOOGLE_OAUTH.md,8adab704e4f90f9f19bb07e8f350ca2573fa6993,https://github.com/Executar-26/Executar-app-scanner/blob/main/src/app/auth/callback/route.ts,,not_verified,PENDING_TRIANGULATION,PENDING_TRIANGULATION,PENDING_TRIANGULATION,PENDING_RESEARCH,PENDING_RESEARCH,PENDING_RESEARCH,PENDING_RESEARCH,PENDING_TRIANGULATION,PENDING_TRIANGULATION,PENDING_TRIANGULATION,PENDING_TRIANGULATION,PENDING_TRIANGULATION,PENDING_TRIANGULATION,Google OAuth,Autenticar identidade Google,src/app/auth/callback/route.ts;docs/auth/GOOGLE_OAUTH.md,PENDING_TRIANGULATION,A_CODE,code_observed,pending,Inventário normalizado a partir da auditoria do main; não implica validação clínica nem deploy verificado.,P0,30,P0-FINAL-01,Comportamento mantido conforme já implementado; nenhum gap aberto identificado nesta triagem V2.2.,"Cobertura de teste existente permanece verde; qualquer alteração futura em Google OAuth preserva o contrato funcional descrito em ""Autenticar identidade Google""; reclassificar esta linha para gap aberto se uma regressão for observada."
2.2.0,FTR-072,feature,,RF-072,MCP OAuth / protected resource,Plataforma,Proteger integração MCP,implemented_code,not_applicable,,,,,"Protected resource, consent e OAuth MCP",,src/app/.well-known/oauth-protected-resource/mcp/route.ts;src/app/oauth/consent/page.tsx;src/lib/mcp-oauth.ts,8adab704e4f90f9f19bb07e8f350ca2573fa6993,https://github.com/Executar-26/Executar-app-scanner/blob/main/src/app/.well-known/oauth-protected-resource/mcp/route.ts,,not_verified,PENDING_TRIANGULATION,PENDING_TRIANGULATION,PENDING_TRIANGULATION,PENDING_RESEARCH,PENDING_RESEARCH,PENDING_RESEARCH,PENDING_RESEARCH,PENDING_TRIANGULATION,PENDING_TRIANGULATION,PENDING_TRIANGULATION,PENDING_TRIANGULATION,PENDING_TRIANGULATION,PENDING_TRIANGULATION,MCP OAuth / protected resource,Proteger integração MCP,src/app/.well-known/oauth-protected-resource/mcp/route.ts;src/app/oauth/consent/page.tsx;src/lib/mcp-oauth.ts,PENDING_TRIANGULATION,A_CODE,code_observed,pending,Inventário normalizado a partir da auditoria do main; não implica validação clínica nem deploy verificado.,P0,31,P0-FINAL-01,Comportamento mantido conforme já implementado; nenhum gap aberto identificado nesta triagem V2.2.,"Cobertura de teste existente permanece verde; qualquer alteração futura em MCP OAuth / protected resource preserva o contrato funcional descrito em ""Proteger integração MCP""; reclassificar esta linha para gap aberto se uma regressão for observada."
2.2.0,FTR-073,feature,,RF-073,Fluent UI runtime,Design System,Aplicar runtime de design system,implemented_code,not_applicable,,,,,Provider Fluent,,src/design-system/fluent-root-provider.tsx;docs/design-system/FLUENT_UI_REACT_V9_RUNTIME.md,8adab704e4f90f9f19bb07e8f350ca2573fa6993,https://github.com/Executar-26/Executar-app-scanner/blob/main/src/design-system/fluent-root-provider.tsx,fluent-provider-theme.test.ts,not_verified,PENDING_TRIANGULATION,PENDING_TRIANGULATION,PENDING_TRIANGULATION,PENDING_RESEARCH,PENDING_RESEARCH,PENDING_RESEARCH,PENDING_RESEARCH,PENDING_TRIANGULATION,PENDING_TRIANGULATION,PENDING_TRIANGULATION,PENDING_TRIANGULATION,PENDING_TRIANGULATION,PENDING_TRIANGULATION,Fluent UI runtime,Aplicar runtime de design system,src/design-system/fluent-root-provider.tsx;docs/design-system/FLUENT_UI_REACT_V9_RUNTIME.md,PENDING_TRIANGULATION,A_CODE,code_observed,pending,Inventário normalizado a partir da auditoria do main; não implica validação clínica nem deploy verificado.,P0,32,P0-FINAL-05,Comportamento mantido conforme já implementado; nenhum gap aberto identificado nesta triagem V2.2.,"Suíte fluent-provider-theme.test.ts permanece verde; qualquer alteração futura em Fluent UI runtime preserva o contrato funcional descrito em ""Aplicar runtime de design system""; reclassificar esta linha para gap aberto se uma regressão for observada."
2.2.0,FTR-074,feature,,RF-074,Tokens,Design System,Centralizar decisões visuais reutilizáveis,implemented_code,not_applicable,,,,,Tokens TS/CSS,,src/design-system/tokens.ts;src/design-system/tokens.css,8adab704e4f90f9f19bb07e8f350ca2573fa6993,https://github.com/Executar-26/Executar-app-scanner/blob/main/src/design-system/tokens.ts,design-system-v3.test.ts,not_verified,PENDING_TRIANGULATION,PENDING_TRIANGULATION,PENDING_TRIANGULATION,PENDING_RESEARCH,PENDING_RESEARCH,PENDING_RESEARCH,PENDING_RESEARCH,PENDING_TRIANGULATION,PENDING_TRIANGULATION,PENDING_TRIANGULATION,PENDING_TRIANGULATION,PENDING_TRIANGULATION,PENDING_TRIANGULATION,Tokens,Centralizar decisões visuais reutilizáveis,src/design-system/tokens.ts;src/design-system/tokens.css,PENDING_TRIANGULATION,A_CODE,code_observed,pending,Inventário normalizado a partir da auditoria do main; não implica validação clínica nem deploy verificado.,P0,33,P0-FINAL-05,Comportamento mantido conforme já implementado; nenhum gap aberto identificado nesta triagem V2.2.,"Suíte design-system-v3.test.ts permanece verde; qualquer alteração futura em Tokens preserva o contrato funcional descrito em ""Centralizar decisões visuais reutilizáveis""; reclassificar esta linha para gap aberto se uma regressão for observada."
2.2.0,FTR-075,feature,,RF-075,Accessibility contract,Acessibilidade,"Garantir semântica, foco, reduced motion e targets",implemented_code,not_applicable,,,,,Contrato automatizado de acessibilidade da lente,Auditoria externa/automatizada abrangente de toda a aplicação não inferida,tests/unit/fractal-accessibility-contract.test.ts;src/components/fractal/fractal-execution-lens.module.css,8adab704e4f90f9f19bb07e8f350ca2573fa6993,https://github.com/Executar-26/Executar-app-scanner/blob/main/tests/unit/fractal-accessibility-contract.test.ts,fractal-accessibility-contract.test.ts,not_verified,PENDING_TRIANGULATION,PENDING_TRIANGULATION,PENDING_TRIANGULATION,PENDING_RESEARCH,PENDING_RESEARCH,PENDING_RESEARCH,PENDING_RESEARCH,PENDING_TRIANGULATION,PENDING_TRIANGULATION,PENDING_TRIANGULATION,PENDING_TRIANGULATION,PENDING_TRIANGULATION,PENDING_TRIANGULATION,Accessibility contract,"Garantir semântica, foco, reduced motion e targets",tests/unit/fractal-accessibility-contract.test.ts;src/components/fractal/fractal-execution-lens.module.css,PENDING_TRIANGULATION,A_CODE,code_observed,pending,Inventário normalizado a partir da auditoria do main; não implica validação clínica nem deploy verificado.,P0,34,P0-FINAL-04,"Auditoria externa/automatizada abrangente de toda a aplicação não inferida. Concluído, integrado ao estado canônico e coberto por teste automatizado.",O comportamento já implementado (Contrato automatizado de acessibilidade da lente) permanece intacto; o gap descrito é fechado sem duplicar fonte de estado; suíte fractal-accessibility-contract.test.ts estendida para cobrir o gap; revisão confirma que a extensão não introduz um segundo caminho de verdade para Accessibility contract.
2.2.0,FTR-076,feature,,RF-076,Rate limiting,Plataforma,Proteger endpoints/serviços contra abuso,implemented_code,not_applicable,,,,,Rate limit server-side,,server/rate-limit.ts,8adab704e4f90f9f19bb07e8f350ca2573fa6993,https://github.com/Executar-26/Executar-app-scanner/blob/main/server/rate-limit.ts,,not_verified,PENDING_TRIANGULATION,PENDING_TRIANGULATION,PENDING_TRIANGULATION,PENDING_RESEARCH,PENDING_RESEARCH,PENDING_RESEARCH,PENDING_RESEARCH,PENDING_TRIANGULATION,PENDING_TRIANGULATION,PENDING_TRIANGULATION,PENDING_TRIANGULATION,PENDING_TRIANGULATION,PENDING_TRIANGULATION,Rate limiting,Proteger endpoints/serviços contra abuso,server/rate-limit.ts,PENDING_TRIANGULATION,A_CODE,code_observed,pending,Inventário normalizado a partir da auditoria do main; não implica validação clínica nem deploy verificado.,P0,35,P0-FINAL-01,Comportamento mantido conforme já implementado; nenhum gap aberto identificado nesta triagem V2.2.,"Cobertura de teste existente permanece verde; qualquer alteração futura em Rate limiting preserva o contrato funcional descrito em ""Proteger endpoints/serviços contra abuso""; reclassificar esta linha para gap aberto se uma regressão for observada."
2.2.0,FTR-077,feature,,RF-077,Telemetry,Observabilidade,Emitir sinais técnicos de operação,implemented_code,not_applicable,,,,,Camada de telemetria,,src/telemetry.ts,8adab704e4f90f9f19bb07e8f350ca2573fa6993,https://github.com/Executar-26/Executar-app-scanner/blob/main/src/telemetry.ts,,not_verified,PENDING_TRIANGULATION,PENDING_TRIANGULATION,PENDING_TRIANGULATION,PENDING_RESEARCH,PENDING_RESEARCH,PENDING_RESEARCH,PENDING_RESEARCH,PENDING_TRIANGULATION,PENDING_TRIANGULATION,PENDING_TRIANGULATION,PENDING_TRIANGULATION,PENDING_TRIANGULATION,PENDING_TRIANGULATION,Telemetry,Emitir sinais técnicos de operação,src/telemetry.ts,PENDING_TRIANGULATION,A_CODE,code_observed,pending,Inventário normalizado a partir da auditoria do main; não implica validação clínica nem deploy verificado.,P1,41,P0-FINAL-01,Comportamento mantido conforme já implementado; nenhum gap aberto identificado nesta triagem V2.2.,"Cobertura de teste existente permanece verde; qualquer alteração futura em Telemetry preserva o contrato funcional descrito em ""Emitir sinais técnicos de operação""; reclassificar esta linha para gap aberto se uma regressão for observada."
2.2.0,FTR-078,feature,,RF-078,Health endpoint,Observabilidade,Diagnosticar saúde da aplicação,implemented_code,not_applicable,,,,,Endpoint de health,,src/app/api/health/route.ts,8adab704e4f90f9f19bb07e8f350ca2573fa6993,https://github.com/Executar-26/Executar-app-scanner/blob/main/src/app/api/health/route.ts,,not_verified,PENDING_TRIANGULATION,PENDING_TRIANGULATION,PENDING_TRIANGULATION,PENDING_RESEARCH,PENDING_RESEARCH,PENDING_RESEARCH,PENDING_RESEARCH,PENDING_TRIANGULATION,PENDING_TRIANGULATION,PENDING_TRIANGULATION,PENDING_TRIANGULATION,PENDING_TRIANGULATION,PENDING_TRIANGULATION,Health endpoint,Diagnosticar saúde da aplicação,src/app/api/health/route.ts,PENDING_TRIANGULATION,A_CODE,code_observed,pending,Inventário normalizado a partir da auditoria do main; não implica validação clínica nem deploy verificado.,P1,42,P0-FINAL-01,Comportamento mantido conforme já implementado; nenhum gap aberto identificado nesta triagem V2.2.,"Cobertura de teste existente permanece verde; qualquer alteração futura em Health endpoint preserva o contrato funcional descrito em ""Diagnosticar saúde da aplicação""; reclassificar esta linha para gap aberto se uma regressão for observada."
2.2.0,FTR-079,feature,,RF-079,Preflight / workflows,Engenharia,Aplicar gates técnicos automatizados,implemented_code,not_applicable,,,,,Workflows e script de preflight,Smoke de produção dedicado ainda é requisito,.github/workflows/fractal-preflight.yml;.github/workflows/emit-template-package.yml;scripts/fractal-preflight.mjs,8adab704e4f90f9f19bb07e8f350ca2573fa6993,https://github.com/Executar-26/Executar-app-scanner/blob/main/.github/workflows/fractal-preflight.yml,,not_verified,PENDING_TRIANGULATION,PENDING_TRIANGULATION,PENDING_TRIANGULATION,PENDING_RESEARCH,PENDING_RESEARCH,PENDING_RESEARCH,PENDING_RESEARCH,PENDING_TRIANGULATION,PENDING_TRIANGULATION,PENDING_TRIANGULATION,PENDING_TRIANGULATION,PENDING_TRIANGULATION,PENDING_TRIANGULATION,Preflight / workflows,Aplicar gates técnicos automatizados,.github/workflows/fractal-preflight.yml;.github/workflows/emit-template-package.yml;scripts/fractal-preflight.mjs,PENDING_TRIANGULATION,A_CODE,code_observed,pending,Inventário normalizado a partir da auditoria do main; não implica validação clínica nem deploy verificado.,P0,36,P0-FINAL-01,"Smoke de produção dedicado ainda é requisito. Concluído, integrado ao estado canônico e coberto por teste automatizado.",O comportamento já implementado (Workflows e script de preflight) permanece intacto; o gap descrito é fechado sem duplicar fonte de estado; teste automatizado novo cobre o gap; revisão confirma que a extensão não introduz um segundo caminho de verdade para Preflight / workflows.
2.2.0,FTR-080,feature,,RF-080,Vercel deployment integration,Plataforma,Distribuir aplicação web,partial_code,not_applicable,,,,,Integração/configuração Vercel existente,Snapshot auditado não pode ser classificado como deploy verificado; check Vercel observado com falha,.vercel/project.json;vercel.json,8adab704e4f90f9f19bb07e8f350ca2573fa6993,https://github.com/Executar-26/Executar-app-scanner/blob/main/.vercel/project.json,,not_verified,PENDING_TRIANGULATION,PENDING_TRIANGULATION,PENDING_TRIANGULATION,PENDING_RESEARCH,PENDING_RESEARCH,PENDING_RESEARCH,PENDING_RESEARCH,PENDING_TRIANGULATION,PENDING_TRIANGULATION,PENDING_TRIANGULATION,PENDING_TRIANGULATION,PENDING_TRIANGULATION,PENDING_TRIANGULATION,Vercel deployment integration,Distribuir aplicação web,.vercel/project.json;vercel.json,PENDING_TRIANGULATION,A_CODE_PARTIAL,partial_observed,pending,Inventário normalizado a partir da auditoria do main; não implica validação clínica nem deploy verificado.,P0,37,P0-FINAL-01,"Snapshot auditado não pode ser classificado como deploy verificado; check Vercel observado com falha. Concluído, integrado ao estado canônico e coberto por teste automatizado.",O comportamento já implementado (Integração/configuração Vercel existente) permanece intacto; o gap descrito é fechado sem duplicar fonte de estado; teste automatizado novo cobre o gap; revisão confirma que a extensão não introduz um segundo caminho de verdade para Vercel deployment integration.
2.2.0,REQ-001,requirement,FR-003,,Project Overview dedicado,Projeto,"Criar uma única superfície de Overview reunindo objetivo, status, progresso, marcos, bloqueadores, sprint e atividade.",not_implemented,open,core,repo_gap,,,,"Criar uma única superfície de Overview reunindo objetivo, status, progresso, marcos, bloqueadores, sprint e atividade.",,8adab704e4f90f9f19bb07e8f350ca2573fa6993,,,not_applicable,PENDING_TRIANGULATION,PENDING_TRIANGULATION,PENDING_TRIANGULATION,PENDING_RESEARCH,PENDING_RESEARCH,PENDING_RESEARCH,PENDING_RESEARCH,D_REQUIREMENT,PENDING_TRIANGULATION,PENDING_TRIANGULATION,PENDING_TRIANGULATION,PENDING_TRIANGULATION,PENDING_TRIANGULATION,Project Overview dedicado,"Criar uma única superfície de Overview reunindo objetivo, status, progresso, marcos, bloqueadores, sprint e atividade.",NOT_IMPLEMENTED,PENDING_TRIANGULATION,D_REQUIREMENT,open_requirement,pending,Deriva do delta de RF-003; portfolio/roadmap existentes não equivalem à Overview completa.,P0,38,P0-FINAL-01,"Criar uma única superfície de Overview reunindo objetivo, status, progresso, marcos, bloqueadores, sprint e atividade. Comportamento coberto por teste automatizado e registrado com commit rastreável no repositório.","Dado o objetivo declarado (Criar uma única superfície de Overview reunindo objetivo, status, progresso, marcos, bloqueadores, sprint e atividade.), o comportamento é observável, testável e reproduzível; existe pelo menos um teste automatizado cobrindo o caso principal; nenhuma regressão introduzida nas suítes existentes; feature referenciada em CHANGELOG/PR com link a REQ-001."
2.2.0,REQ-002,requirement,FR-005,,Action Detail completo,Execução,"Implementar detalhe de ação com descrição, prioridade, responsável, prazo, área, entregável, sprint, dependências, critério de aceite e activity.",not_implemented,open,core,repo_gap,,,,"Implementar detalhe de ação com descrição, prioridade, responsável, prazo, área, entregável, sprint, dependências, critério de aceite e activity.",,8adab704e4f90f9f19bb07e8f350ca2573fa6993,,,not_applicable,PENDING_TRIANGULATION,PENDING_TRIANGULATION,PENDING_TRIANGULATION,PENDING_RESEARCH,PENDING_RESEARCH,PENDING_RESEARCH,PENDING_RESEARCH,D_REQUIREMENT,PENDING_TRIANGULATION,PENDING_TRIANGULATION,PENDING_TRIANGULATION,PENDING_TRIANGULATION,PENDING_TRIANGULATION,Action Detail completo,"Implementar detalhe de ação com descrição, prioridade, responsável, prazo, área, entregável, sprint, dependências, critério de aceite e activity.",NOT_IMPLEMENTED,PENDING_TRIANGULATION,D_REQUIREMENT,open_requirement,pending,"O domínio atual contém vários campos operacionais, mas não priority/assignee/due_date explícitos.",P0,39,P0-FINAL-01;P0-FINAL-02,"Implementar detalhe de ação com descrição, prioridade, responsável, prazo, área, entregável, sprint, dependências, critério de aceite e activity. Comportamento coberto por teste automatizado e registrado com commit rastreável no repositório.","Dado o objetivo declarado (Implementar detalhe de ação com descrição, prioridade, responsável, prazo, área, entregável, sprint, dependências, critério de aceite e activity.), o comportamento é observável, testável e reproduzível; existe pelo menos um teste automatizado cobrindo o caso principal; nenhuma regressão introduzida nas suítes existentes; feature referenciada em CHANGELOG/PR com link a REQ-002."
2.2.0,REQ-003,requirement,FR-006,,CRUD completo,Projeto,"Completar update/delete de Project, Area/Epic, Deliverable, Action e Sprint com persistência governada.",not_implemented,open,core,repo_gap,,,,"Completar update/delete de Project, Area/Epic, Deliverable, Action e Sprint com persistência governada.",,8adab704e4f90f9f19bb07e8f350ca2573fa6993,,,not_applicable,PENDING_TRIANGULATION,PENDING_TRIANGULATION,PENDING_TRIANGULATION,PENDING_RESEARCH,PENDING_RESEARCH,PENDING_RESEARCH,PENDING_RESEARCH,D_REQUIREMENT,PENDING_TRIANGULATION,PENDING_TRIANGULATION,PENDING_TRIANGULATION,PENDING_TRIANGULATION,PENDING_TRIANGULATION,CRUD completo,"Completar update/delete de Project, Area/Epic, Deliverable, Action e Sprint com persistência governada.",NOT_IMPLEMENTED,PENDING_TRIANGULATION,D_REQUIREMENT,open_requirement,pending,Create e transições já existem; requisito cobre o delta.,P0,40,P0-FINAL-01,"Completar update/delete de Project, Area/Epic, Deliverable, Action e Sprint com persistência governada. Comportamento coberto por teste automatizado e registrado com commit rastreável no repositório.","Dado o objetivo declarado (Completar update/delete de Project, Area/Epic, Deliverable, Action e Sprint com persistência governada.), o comportamento é observável, testável e reproduzível; existe pelo menos um teste automatizado cobrindo o caso principal; nenhuma regressão introduzida nas suítes existentes; feature referenciada em CHANGELOG/PR com link a REQ-003."
2.2.0,REQ-004,requirement,FR-007,,Filtros mínimos,Execução,"Implementar filtros por status, priority, assignee, area, deliverable, sprint e due date.",not_implemented,open,core,repo_gap,,,,"Implementar filtros por status, priority, assignee, area, deliverable, sprint e due date.",,8adab704e4f90f9f19bb07e8f350ca2573fa6993,,,not_applicable,PENDING_TRIANGULATION,PENDING_TRIANGULATION,PENDING_TRIANGULATION,PENDING_RESEARCH,PENDING_RESEARCH,PENDING_RESEARCH,PENDING_RESEARCH,D_REQUIREMENT,PENDING_TRIANGULATION,PENDING_TRIANGULATION,PENDING_TRIANGULATION,PENDING_TRIANGULATION,PENDING_TRIANGULATION,Filtros mínimos,"Implementar filtros por status, priority, assignee, area, deliverable, sprint e due date.",NOT_IMPLEMENTED,PENDING_TRIANGULATION,D_REQUIREMENT,open_requirement,pending,Não encontrado no main auditado.,P0,41,P0-FINAL-01;P0-FINAL-02,"Implementar filtros por status, priority, assignee, area, deliverable, sprint e due date. Comportamento coberto por teste automatizado e registrado com commit rastreável no repositório.","Dado o objetivo declarado (Implementar filtros por status, priority, assignee, area, deliverable, sprint e due date.), o comportamento é observável, testável e reproduzível; existe pelo menos um teste automatizado cobrindo o caso principal; nenhuma regressão introduzida nas suítes existentes; feature referenciada em CHANGELOG/PR com link a REQ-004."
2.2.0,REQ-005,requirement,FR-008,,Busca global,Navegação,"Implementar busca por projeto, entregável e ação por título/código.",not_implemented,open,core,repo_gap,,,,"Implementar busca por projeto, entregável e ação por título/código.",,8adab704e4f90f9f19bb07e8f350ca2573fa6993,,,not_applicable,PENDING_TRIANGULATION,PENDING_TRIANGULATION,PENDING_TRIANGULATION,PENDING_RESEARCH,PENDING_RESEARCH,PENDING_RESEARCH,PENDING_RESEARCH,D_REQUIREMENT,PENDING_TRIANGULATION,PENDING_TRIANGULATION,PENDING_TRIANGULATION,PENDING_TRIANGULATION,PENDING_TRIANGULATION,Busca global,"Implementar busca por projeto, entregável e ação por título/código.",NOT_IMPLEMENTED,PENDING_TRIANGULATION,D_REQUIREMENT,open_requirement,pending,Não encontrada no main auditado.,P1,43,P0-FINAL-01,"Implementar busca por projeto, entregável e ação por título/código. Comportamento coberto por teste automatizado e registrado com commit rastreável no repositório.","Dado o objetivo declarado (Implementar busca por projeto, entregável e ação por título/código.), o comportamento é observável, testável e reproduzível; existe pelo menos um teste automatizado cobrindo o caso principal; nenhuma regressão introduzida nas suítes existentes; feature referenciada em CHANGELOG/PR com link a REQ-005."
2.2.0,REQ-006,requirement,FR-010,,Activity UI,Observabilidade,Expor leitura e interface consultável de eventos de atividade.,not_implemented,open,core,repo_gap,,,,Expor leitura e interface consultável de eventos de atividade.,,8adab704e4f90f9f19bb07e8f350ca2573fa6993,,,not_applicable,PENDING_TRIANGULATION,PENDING_TRIANGULATION,PENDING_TRIANGULATION,PENDING_RESEARCH,PENDING_RESEARCH,PENDING_RESEARCH,PENDING_RESEARCH,D_REQUIREMENT,PENDING_TRIANGULATION,PENDING_TRIANGULATION,PENDING_TRIANGULATION,PENDING_TRIANGULATION,PENDING_TRIANGULATION,Activity UI,Expor leitura e interface consultável de eventos de atividade.,NOT_IMPLEMENTED,PENDING_TRIANGULATION,D_REQUIREMENT,open_requirement,pending,Persistência histórica existe; UI/leitura não evidenciada.,P1,44,P0-FINAL-01,Expor leitura e interface consultável de eventos de atividade. Comportamento coberto por teste automatizado e registrado com commit rastreável no repositório.,"Dado o objetivo declarado (Expor leitura e interface consultável de eventos de atividade.), o comportamento é observável, testável e reproduzível; existe pelo menos um teste automatizado cobrindo o caso principal; nenhuma regressão introduzida nas suítes existentes; feature referenciada em CHANGELOG/PR com link a REQ-006."
2.2.0,REQ-007,requirement,FR-004,,Timeline dedicada,Projeto,"Adicionar uma lente Timeline explícita sobre o mesmo estado canônico, caso permaneça requisito do FRD.",not_implemented,open,important,repo_gap,,,,"Adicionar uma lente Timeline explícita sobre o mesmo estado canônico, caso permaneça requisito do FRD.",,8adab704e4f90f9f19bb07e8f350ca2573fa6993,,,not_applicable,PENDING_TRIANGULATION,PENDING_TRIANGULATION,PENDING_TRIANGULATION,PENDING_RESEARCH,PENDING_RESEARCH,PENDING_RESEARCH,PENDING_RESEARCH,D_REQUIREMENT,PENDING_TRIANGULATION,PENDING_TRIANGULATION,PENDING_TRIANGULATION,PENDING_TRIANGULATION,PENDING_TRIANGULATION,Timeline dedicada,"Adicionar uma lente Timeline explícita sobre o mesmo estado canônico, caso permaneça requisito do FRD.",NOT_IMPLEMENTED,PENDING_TRIANGULATION,D_REQUIREMENT,open_requirement,pending,Calendário existe; Timeline dedicada não foi observada.,P0,42,P0-FINAL-01,"Adicionar uma lente Timeline explícita sobre o mesmo estado canônico, caso permaneça requisito do FRD. Comportamento coberto por teste automatizado e registrado com commit rastreável no repositório.","Dado o objetivo declarado (Adicionar uma lente Timeline explícita sobre o mesmo estado canônico, caso permaneça requisito do FRD.), o comportamento é observável, testável e reproduzível; existe pelo menos um teste automatizado cobrindo o caso principal; nenhuma regressão introduzida nas suítes existentes; feature referenciada em CHANGELOG/PR com link a REQ-007."
2.2.0,REQ-008,requirement,FR-005,,Colaboração multiusuário / assignee,Colaboração,Adicionar modelo de múltiplos participantes e responsável editável quando a RFC de colaboração for aprovada.,not_implemented,open,candidate,repo_gap,,,,Adicionar modelo de múltiplos participantes e responsável editável quando a RFC de colaboração for aprovada.,,8adab704e4f90f9f19bb07e8f350ca2573fa6993,,,not_applicable,PENDING_TRIANGULATION,PENDING_TRIANGULATION,PENDING_TRIANGULATION,PENDING_RESEARCH,PENDING_RESEARCH,PENDING_RESEARCH,PENDING_RESEARCH,D_REQUIREMENT,PENDING_TRIANGULATION,PENDING_TRIANGULATION,PENDING_TRIANGULATION,PENDING_TRIANGULATION,PENDING_TRIANGULATION,Colaboração multiusuário / assignee,Adicionar modelo de múltiplos participantes e responsável editável quando a RFC de colaboração for aprovada.,NOT_IMPLEMENTED,PENDING_TRIANGULATION,D_REQUIREMENT,open_requirement,pending,FRD histórico reconhece schema single-owner.,P2,02,EXTERNAL:Sas_Executar-Fase1-teams-RLS,Adicionar modelo de múltiplos participantes e responsável editável quando a RFC de colaboração for aprovada. Comportamento coberto por teste automatizado e registrado com commit rastreável no repositório.,"Dado o objetivo declarado (Adicionar modelo de múltiplos participantes e responsável editável quando a RFC de colaboração for aprovada.), o comportamento é observável, testável e reproduzível; existe pelo menos um teste automatizado cobrindo o caso principal; nenhuma regressão introduzida nas suítes existentes; feature referenciada em CHANGELOG/PR com link a REQ-008."
2.2.0,REQ-009,requirement,P0-006,,Smoke test de produção persistido,Engenharia,Criar smoke test versionado para Home/Workspace/Plano/Scanner/API health contra produção.,not_implemented,open,core,repo_gap,,,,Criar smoke test versionado para Home/Workspace/Plano/Scanner/API health contra produção.,,8adab704e4f90f9f19bb07e8f350ca2573fa6993,,,not_applicable,PENDING_TRIANGULATION,PENDING_TRIANGULATION,PENDING_TRIANGULATION,PENDING_RESEARCH,PENDING_RESEARCH,PENDING_RESEARCH,PENDING_RESEARCH,D_REQUIREMENT,PENDING_TRIANGULATION,PENDING_TRIANGULATION,PENDING_TRIANGULATION,PENDING_TRIANGULATION,PENDING_TRIANGULATION,Smoke test de produção persistido,Criar smoke test versionado para Home/Workspace/Plano/Scanner/API health contra produção.,NOT_IMPLEMENTED,PENDING_TRIANGULATION,D_REQUIREMENT,open_requirement,pending,Não confundir preflight existente com smoke de produção.,P0,43,P0-FINAL-01,Criar smoke test versionado para Home/Workspace/Plano/Scanner/API health contra produção. Comportamento coberto por teste automatizado e registrado com commit rastreável no repositório.,"Dado o objetivo declarado (Criar smoke test versionado para Home/Workspace/Plano/Scanner/API health contra produção.), o comportamento é observável, testável e reproduzível; existe pelo menos um teste automatizado cobrindo o caso principal; nenhuma regressão introduzida nas suítes existentes; feature referenciada em CHANGELOG/PR com link a REQ-009."
2.2.0,REQ-010,requirement,P0-004,,Profile E2E de produção,Engenharia,Adicionar configuração Playwright apontando para produção/staging sem depender de next dev local.,not_implemented,open,important,repo_gap,,,,Adicionar configuração Playwright apontando para produção/staging sem depender de next dev local.,,8adab704e4f90f9f19bb07e8f350ca2573fa6993,,,not_applicable,PENDING_TRIANGULATION,PENDING_TRIANGULATION,PENDING_TRIANGULATION,PENDING_RESEARCH,PENDING_RESEARCH,PENDING_RESEARCH,PENDING_RESEARCH,D_REQUIREMENT,PENDING_TRIANGULATION,PENDING_TRIANGULATION,PENDING_TRIANGULATION,PENDING_TRIANGULATION,PENDING_TRIANGULATION,Profile E2E de produção,Adicionar configuração Playwright apontando para produção/staging sem depender de next dev local.,NOT_IMPLEMENTED,PENDING_TRIANGULATION,D_REQUIREMENT,open_requirement,pending,"Requisito de verificação, não de feature de usuário.",P0,44,P0-FINAL-01,Adicionar configuração Playwright apontando para produção/staging sem depender de next dev local. Comportamento coberto por teste automatizado e registrado com commit rastreável no repositório.,"Dado o objetivo declarado (Adicionar configuração Playwright apontando para produção/staging sem depender de next dev local.), o comportamento é observável, testável e reproduzível; existe pelo menos um teste automatizado cobrindo o caso principal; nenhuma regressão introduzida nas suítes existentes; feature referenciada em CHANGELOG/PR com link a REQ-010."
2.2.0,REQ-011,requirement,EPIC-10,,Monitoramento de erros,Observabilidade,Adicionar error monitoring operacional (por exemplo Sentry ou equivalente aprovado).,not_implemented,open,important,repo_gap,,,,Adicionar error monitoring operacional (por exemplo Sentry ou equivalente aprovado).,,8adab704e4f90f9f19bb07e8f350ca2573fa6993,,,not_applicable,PENDING_TRIANGULATION,PENDING_TRIANGULATION,PENDING_TRIANGULATION,PENDING_RESEARCH,PENDING_RESEARCH,PENDING_RESEARCH,PENDING_RESEARCH,D_REQUIREMENT,PENDING_TRIANGULATION,PENDING_TRIANGULATION,PENDING_TRIANGULATION,PENDING_TRIANGULATION,PENDING_TRIANGULATION,Monitoramento de erros,Adicionar error monitoring operacional (por exemplo Sentry ou equivalente aprovado).,NOT_IMPLEMENTED,PENDING_TRIANGULATION,D_REQUIREMENT,open_requirement,pending,Telemetria existente não prova error monitoring completo.,P1,45,P0-FINAL-01,Adicionar error monitoring operacional (por exemplo Sentry ou equivalente aprovado). Comportamento coberto por teste automatizado e registrado com commit rastreável no repositório.,"Dado o objetivo declarado (Adicionar error monitoring operacional (por exemplo Sentry ou equivalente aprovado).), o comportamento é observável, testável e reproduzível; existe pelo menos um teste automatizado cobrindo o caso principal; nenhuma regressão introduzida nas suítes existentes; feature referenciada em CHANGELOG/PR com link a REQ-011."
2.2.0,REQ-012,requirement,EPIC-10,,Auditoria de acessibilidade abrangente,Acessibilidade,Adicionar auditoria automatizada/abrangente de acessibilidade para superfícies críticas além do contrato unitário da lente Fractal.,not_implemented,open,important,repo_gap,,,,Adicionar auditoria automatizada/abrangente de acessibilidade para superfícies críticas além do contrato unitário da lente Fractal.,,8adab704e4f90f9f19bb07e8f350ca2573fa6993,,,not_applicable,PENDING_TRIANGULATION,PENDING_TRIANGULATION,PENDING_TRIANGULATION,PENDING_RESEARCH,PENDING_RESEARCH,PENDING_RESEARCH,PENDING_RESEARCH,D_REQUIREMENT,PENDING_TRIANGULATION,PENDING_TRIANGULATION,PENDING_TRIANGULATION,PENDING_TRIANGULATION,PENDING_TRIANGULATION,Auditoria de acessibilidade abrangente,Adicionar auditoria automatizada/abrangente de acessibilidade para superfícies críticas além do contrato unitário da lente Fractal.,NOT_IMPLEMENTED,PENDING_TRIANGULATION,D_REQUIREMENT,open_requirement,pending,Accessibility contract existe; requisito cobre amplitude e verificação.,P0,45,P0-FINAL-04,Adicionar auditoria automatizada/abrangente de acessibilidade para superfícies críticas além do contrato unitário da lente Fractal. Comportamento coberto por teste automatizado e registrado com commit rastreável no repositório.,"Dado o objetivo declarado (Adicionar auditoria automatizada/abrangente de acessibilidade para superfícies críticas além do contrato unitário da lente Fractal.), o comportamento é observável, testável e reproduzível; existe pelo menos um teste automatizado cobrindo o caso principal; nenhuma regressão introduzida nas suítes existentes; feature referenciada em CHANGELOG/PR com link a REQ-012."
2.2.0,REQ-013,requirement,PROD-ND-009,,Modos/presets neurodivergentes,Acessibilidade,Definir e implementar presets configuráveis de apresentação/interação para necessidades específicas somente após especificação e validação apropriadas.,not_implemented,open,candidate,proposal_not_implemented,,,,Definir e implementar presets configuráveis de apresentação/interação para necessidades específicas somente após especificação e validação apropriadas.,,8adab704e4f90f9f19bb07e8f350ca2573fa6993,,,not_applicable,PENDING_TRIANGULATION,PENDING_TRIANGULATION,PENDING_TRIANGULATION,PENDING_RESEARCH,PENDING_RESEARCH,PENDING_RESEARCH,PENDING_RESEARCH,D_REQUIREMENT,PENDING_TRIANGULATION,PENDING_TRIANGULATION,PENDING_TRIANGULATION,PENDING_TRIANGULATION,PENDING_TRIANGULATION,Modos/presets neurodivergentes,Definir e implementar presets configuráveis de apresentação/interação para necessidades específicas somente após especificação e validação apropriadas.,NOT_IMPLEMENTED,PENDING_TRIANGULATION,D_REQUIREMENT,open_requirement,pending,TDAH/TEA/dislexia como modos diagnósticos não foram encontrados no código; não tratar como clinicamente validados.,P0,46,P0-FINAL-04,Definir e implementar presets configuráveis de apresentação/interação para necessidades específicas somente após especificação e validação apropriadas. Comportamento coberto por teste automatizado e registrado com commit rastreável no repositório.,"Dado o objetivo declarado (Definir e implementar presets configuráveis de apresentação/interação para necessidades específicas somente após especificação e validação apropriadas.), o comportamento é observável, testável e reproduzível; existe pelo menos um teste automatizado cobrindo o caso principal; nenhuma regressão introduzida nas suítes existentes; feature referenciada em CHANGELOG/PR com link a REQ-013."
2.2.0,REQ-014,requirement,PROD-ND-004,,Mermaid / grafo declarativo,Visualização,Implementar visualização de grafo declarativa somente se permanecer necessária ao produto.,not_implemented,open,candidate,proposal_not_implemented,,,,Implementar visualização de grafo declarativa somente se permanecer necessária ao produto.,,8adab704e4f90f9f19bb07e8f350ca2573fa6993,,,not_applicable,PENDING_TRIANGULATION,PENDING_TRIANGULATION,PENDING_TRIANGULATION,PENDING_RESEARCH,PENDING_RESEARCH,PENDING_RESEARCH,PENDING_RESEARCH,D_REQUIREMENT,PENDING_TRIANGULATION,PENDING_TRIANGULATION,PENDING_TRIANGULATION,PENDING_TRIANGULATION,PENDING_TRIANGULATION,Mermaid / grafo declarativo,Implementar visualização de grafo declarativa somente se permanecer necessária ao produto.,NOT_IMPLEMENTED,PENDING_TRIANGULATION,D_REQUIREMENT,open_requirement,pending,Nenhuma implementação Mermaid foi encontrada no main auditado.,P1,46,P0-FINAL-04;P0-FINAL-05,Implementar visualização de grafo declarativa somente se permanecer necessária ao produto. Comportamento coberto por teste automatizado e registrado com commit rastreável no repositório.,"Dado o objetivo declarado (Implementar visualização de grafo declarativa somente se permanecer necessária ao produto.), o comportamento é observável, testável e reproduzível; existe pelo menos um teste automatizado cobrindo o caso principal; nenhuma regressão introduzida nas suítes existentes; feature referenciada em CHANGELOG/PR com link a REQ-014."
2.2.0,REQ-015,requirement,PROD-ND-012,,Obsidian mode / export,Documentos,Definir modo/export Markdown interoperável com Obsidian somente se aprovado como requisito de produto.,not_implemented,open,candidate,proposal_not_implemented,,,,Definir modo/export Markdown interoperável com Obsidian somente se aprovado como requisito de produto.,,8adab704e4f90f9f19bb07e8f350ca2573fa6993,,,not_applicable,PENDING_TRIANGULATION,PENDING_TRIANGULATION,PENDING_TRIANGULATION,PENDING_RESEARCH,PENDING_RESEARCH,PENDING_RESEARCH,PENDING_RESEARCH,D_REQUIREMENT,PENDING_TRIANGULATION,PENDING_TRIANGULATION,PENDING_TRIANGULATION,PENDING_TRIANGULATION,PENDING_TRIANGULATION,Obsidian mode / export,Definir modo/export Markdown interoperável com Obsidian somente se aprovado como requisito de produto.,NOT_IMPLEMENTED,PENDING_TRIANGULATION,D_REQUIREMENT,open_requirement,pending,Markdown existe; Obsidian Mode específico não foi encontrado.,P1,47,P0-FINAL-01,Definir modo/export Markdown interoperável com Obsidian somente se aprovado como requisito de produto. Comportamento coberto por teste automatizado e registrado com commit rastreável no repositório.,"Dado o objetivo declarado (Definir modo/export Markdown interoperável com Obsidian somente se aprovado como requisito de produto.), o comportamento é observável, testável e reproduzível; existe pelo menos um teste automatizado cobrindo o caso principal; nenhuma regressão introduzida nas suítes existentes; feature referenciada em CHANGELOG/PR com link a REQ-015."
2.2.0,REQ-016,requirement,PROD-ND-005,,Agents SDK Runtime / Agentic Orchestration Layer,Agentes · Orquestração,"Fornecer a camada de orquestração agêntica do EXECUTAR para onboarding da Skill com IA, Bom dia Copiloto, Re-Plan e execução de habilidades agênticas, mantendo contrato canônico e estado canônico como autoridades.",not_implemented,approved_for_implementation,core,user_decision+OPS-SDK-AGENTE+HABILIDADES_AGENTICAS+OPENAI_OFFICIAL,agentic_runtime_parent,,Capacidades-base já existem fora do Agents SDK: Guided Plan/AI generation; Copilot runtime; dispatcher/Re-Plan; Skill Runtime/MCP/registry; canonical state e contratos determinísticos.,"Integrar essas capacidades sob OpenAI Agents SDK com agent loop, Sessions, Tools/MCP, Handoffs/agents-as-tools, Guardrails, Tracing e checkpoints human-in-the-loop, sem transferir autoridade do contrato/estado canônico ao modelo.",,8adab704e4f90f9f19bb07e8f350ca2573fa6993,https://openai.github.io/openai-agents-python/,PENDING_IMPLEMENTATION_TESTS,not_implemented,Onboarding estruturado; planejamento; coordenação diária; monitoramento; replanejamento; gestão de bloqueios; execução de procedimentos; verificação e continuidade.,Planejar; coordenar; delegar; recuperar contexto; selecionar próxima ação; recalcular rota; acionar especialistas; verificar outputs e registrar evidência.,Manter contexto entre etapas; alternar entre subtarefas; lembrar pendências; selecionar ferramentas; retomar trabalho; integrar múltiplas fontes e decidir quando replanejar.,PENDING_RESEARCH,PENDING_RESEARCH,PENDING_RESEARCH,PENDING_RESEARCH,D_PRODUCT_DECISION+B_PRIMARY_SDK_DOC,"Onboarding, continuidade diária, retomada, replanejamento e coordenação de habilidades especializadas.",Agent loop + Sessions + Tools/MCP + Handoffs + Guardrails + Tracing + human-in-the-loop.,"Sem runtime unificado, onboarding, Copiloto, Re-Plan e skills permanecem capacidades separadas, com maior custo de coordenação, memória e integração.","Externalizar contexto, sequência, tool use, handoffs, checkpoints e retomada para uma camada orquestradora.","Transferir coordenação multi-etapas, persistência de contexto e roteamento entre capacidades do usuário para o sistema, preservando autoridade determinística.",Agentic Execution Orchestration,Onboarding Agent → Copilot Agent → Re-Plan/Dispatcher → Skills/Especialistas → Guardrails/Verification → Canonical State → próxima execução.,"OpenAI Agents SDK integrado aos runtimes existentes de MCP/Skills, Guided Plan, Copilot, Dispatcher/Re-Plan e contratos EXECUTAR.","Agents SDK é requisito arquitetural obrigatório para a camada agêntica integrada. O SDK orquestra; Structured Output, validators, Plan Exchange e Canonical State continuam sendo gates/autoridades.",D_PRODUCT_DECISION+B_PRIMARY_SDK,approved_requirement,approved_architecture,Decisão explícita do produto em 19/08/2026. A condição anterior 'conditional' foi superseded. A necessidade decorre do escopo conjunto: onboarding com IA + Bom dia Copiloto + Re-Plan + habilidades agênticas.,P1,48,P0-FINAL-02,"Integrar essas capacidades sob OpenAI Agents SDK com agent loop, Sessions, Tools/MCP, Handoffs/agents-as-tools, Guardrails, Tracing e checkpoints human-in-the-loop, sem transferir autoridade do contrato/estado canônico ao modelo. Comportamento coberto por teste automatizado e registrado com commit rastreável no repositório.","Dado o objetivo declarado (Fornecer a camada de orquestração agêntica do EXECUTAR para onboarding da Skill com IA, Bom dia Copiloto, Re-Plan e execução de habilidades agênticas, mantendo contrato canônico e estado canônico como autoridades.), o comportamento é observável, testável e reproduzível; existe pelo menos um teste automatizado cobrindo o caso principal; nenhuma regressão introduzida nas suítes existentes; feature referenciada em CHANGELOG/PR com link a REQ-016."
2.2.0,REQ-017,requirement,PROD-ND-005,,Agents SDK Integration · AI Skill Onboarding,Agentes · Onboarding,"Orquestrar o onboarding da Skill com IA, mantendo entrevista/metodologia e Structured Output determinísticos e usando o agente para contexto, tools, continuidade e transições.",partial_code,approved_for_implementation,core,REQ-016+user_decision+uploaded_docs+OPENAI_OFFICIAL,ai_skill_onboarding,REQ-016,"Guided Plan, geração estruturada e Skill Runtime já existem.",Integrar o fluxo ao Agents SDK como jornada agêntica persistente e governada.,src/ai/guided-plan-method.ts;src/ai/plan-generator.ts;src/mcp/skill-runtime.ts,8adab704e4f90f9f19bb07e8f350ca2573fa6993,https://openai.github.io/openai-agents-python/,PENDING_AGENT_SDK_INTEGRATION_TESTS,not_implemented,Planejamento; coordenação; execução; monitoramento; adaptação; evidência.,Contexto; priorização; coordenação; retomada; replanejamento; verificação.,PENDING_TRIANGULATION,PENDING_RESEARCH,PENDING_RESEARCH,PENDING_RESEARCH,PENDING_RESEARCH,D_PRODUCT_DECISION+B_PRIMARY_SDK_DOC,Agents SDK Integration · AI Skill Onboarding,Agent/Runner + Sessions + Tools + Guardrails + Structured Output; resultado passa pelo contrato EXECUTAR.,PENDING_TRIANGULATION,PENDING_TRIANGULATION,Externalizar coordenação e continuidade para o sistema sem substituir gates determinísticos.,Agents SDK Integration · AI Skill Onboarding,Agent/Runner + Sessions + Tools + Guardrails + Structured Output; resultado passa pelo contrato EXECUTAR.,OpenAI Agents SDK + src/ai/guided-plan-method.ts;src/ai/plan-generator.ts;src/mcp/skill-runtime.ts,"Capacidade existente deve ser preservada e envelopada pela camada Agents SDK, não reescrita como chat autônomo.",D_PRODUCT_DECISION+B_PRIMARY_SDK,approved_requirement,approved_architecture,"Requisito-filho de REQ-016. Guided Plan, geração estruturada e Skill Runtime já existem. Integrar o fluxo ao Agents SDK como jornada agêntica persistente e governada.",P2,03,P0-FINAL-01,"Integrar o fluxo ao Agents SDK como jornada agêntica persistente e governada. Concluído, integrado ao estado canônico e coberto por teste automatizado.","O comportamento já implementado (Guided Plan, geração estruturada e Skill Runtime já existem.) permanece intacto; o gap descrito é fechado sem duplicar fonte de estado; suíte PENDING_AGENT_SDK_INTEGRATION_TESTS estendida para cobrir o gap; revisão confirma que a extensão não introduz um segundo caminho de verdade para Agents SDK Integration · AI Skill Onboarding."
2.2.0,REQ-018,requirement,PROD-ND-005,,Agents SDK Integration · Bom dia Copiloto,Agentes · Copiloto,"Transformar o protocolo diário em sessão agêntica persistente que recupere contexto, leia estado, orquestre tools e produza TODAY/próxima ação sem exigir reexplicação.",partial_code,approved_for_implementation,core,REQ-016+user_decision+uploaded_docs+OPENAI_OFFICIAL,daily_copilot,REQ-016,"Copilot runtime, state engine, gates, blockers e evidência já existem.","Integrar sessões, tools/MCP, guardrails, tracing e continuidade ao Agents SDK.",src/mcp/copilot-runtime.ts;src/mcp/execution-state-engine.ts,8adab704e4f90f9f19bb07e8f350ca2573fa6993,https://openai.github.io/openai-agents-python/sessions/,PENDING_AGENT_SDK_INTEGRATION_TESTS,not_implemented,Planejamento; coordenação; execução; monitoramento; adaptação; evidência.,Contexto; priorização; coordenação; retomada; replanejamento; verificação.,PENDING_TRIANGULATION,PENDING_RESEARCH,PENDING_RESEARCH,PENDING_RESEARCH,PENDING_RESEARCH,D_PRODUCT_DECISION+B_PRIMARY_SDK_DOC,Agents SDK Integration · Bom dia Copiloto,Session → recuperar estado → tools/MCP → TODAY/QUEUE/BLOCKERS → guardrails → evidência → próxima ação.,PENDING_TRIANGULATION,PENDING_TRIANGULATION,Externalizar coordenação e continuidade para o sistema sem substituir gates determinísticos.,Agents SDK Integration · Bom dia Copiloto,Session → recuperar estado → tools/MCP → TODAY/QUEUE/BLOCKERS → guardrails → evidência → próxima ação.,OpenAI Agents SDK + src/mcp/copilot-runtime.ts;src/mcp/execution-state-engine.ts,"Capacidade existente deve ser preservada e envelopada pela camada Agents SDK, não reescrita como chat autônomo.",D_PRODUCT_DECISION+B_PRIMARY_SDK,approved_requirement,approved_architecture,"Requisito-filho de REQ-016. Copilot runtime, state engine, gates, blockers e evidência já existem. Integrar sessões, tools/MCP, guardrails, tracing e continuidade ao Agents SDK.",P1,49,P0-FINAL-02,"Integrar sessões, tools/MCP, guardrails, tracing e continuidade ao Agents SDK. Concluído, integrado ao estado canônico e coberto por teste automatizado.","O comportamento já implementado (Copilot runtime, state engine, gates, blockers e evidência já existem.) permanece intacto; o gap descrito é fechado sem duplicar fonte de estado; suíte PENDING_AGENT_SDK_INTEGRATION_TESTS estendida para cobrir o gap; revisão confirma que a extensão não introduz um segundo caminho de verdade para Agents SDK Integration · Bom dia Copiloto."
2.2.0,REQ-019,requirement,PROD-ND-010,,Agents SDK Integration · Re-Plan,Agentes · Replanejamento,"Orquestrar replanejamento quando capacidade, blockers, contexto ou progresso mudarem, acionando dispatcher e especialistas sem destruir o plano canônico.",partial_code,approved_for_implementation,core,REQ-016+user_decision+uploaded_docs+OPENAI_OFFICIAL,replan_orchestration,REQ-016,"Dispatcher, capacity/flow/context ranking e re-routing local já existem.","Adicionar orchestration agentic para coleta de contexto, tool use, validação e decisão governada de Re-Plan.",src/fractal/selectors/execution-dispatcher.ts;src/fractal/selectors/apply-dispatch.ts,8adab704e4f90f9f19bb07e8f350ca2573fa6993,https://openai.github.io/openai-agents-python/multi_agent/,PENDING_AGENT_SDK_INTEGRATION_TESTS,not_implemented,Planejamento; coordenação; execução; monitoramento; adaptação; evidência.,Contexto; priorização; coordenação; retomada; replanejamento; verificação.,PENDING_TRIANGULATION,PENDING_RESEARCH,PENDING_RESEARCH,PENDING_RESEARCH,PENDING_RESEARCH,D_PRODUCT_DECISION+B_PRIMARY_SDK_DOC,Agents SDK Integration · Re-Plan,Context change → agent loop → tools/dispatcher → specialist handoff se necessário → validation → route update.,PENDING_TRIANGULATION,PENDING_TRIANGULATION,Externalizar coordenação e continuidade para o sistema sem substituir gates determinísticos.,Agents SDK Integration · Re-Plan,Context change → agent loop → tools/dispatcher → specialist handoff se necessário → validation → route update.,OpenAI Agents SDK + src/fractal/selectors/execution-dispatcher.ts;src/fractal/selectors/apply-dispatch.ts,"Capacidade existente deve ser preservada e envelopada pela camada Agents SDK, não reescrita como chat autônomo.",D_PRODUCT_DECISION+B_PRIMARY_SDK,approved_requirement,approved_architecture,"Requisito-filho de REQ-016. Dispatcher, capacity/flow/context ranking e re-routing local já existem. Adicionar orchestration agentic para coleta de contexto, tool use, validação e decisão governada de Re-Plan.",P1,50,P0-FINAL-02,"Adicionar orchestration agentic para coleta de contexto, tool use, validação e decisão governada de Re-Plan. Concluído, integrado ao estado canônico e coberto por teste automatizado.","O comportamento já implementado (Dispatcher, capacity/flow/context ranking e re-routing local já existem.) permanece intacto; o gap descrito é fechado sem duplicar fonte de estado; suíte PENDING_AGENT_SDK_INTEGRATION_TESTS estendida para cobrir o gap; revisão confirma que a extensão não introduz um segundo caminho de verdade para Agents SDK Integration · Re-Plan."
2.2.0,REQ-020,requirement,PROD-ND-013;PROD-ND-014;PROD-ND-015;PROD-ND-016;PROD-ND-017;PROD-ND-018;PROD-ND-019;PROD-ND-020,,Agents SDK Integration · Habilidades Agênticas,Agentes · Skills,"Disponibilizar habilidades operacionais especializadas — processo, risco, capacidade, mudança, runbook, otimização, compliance, status e memória — como tools/agentes especializados coordenados.",partial_code,approved_for_implementation,core,REQ-016+user_decision+uploaded_docs+OPENAI_OFFICIAL,agentic_skills_orchestration,REQ-016,Skill Runtime/MCP/registry já existem; documentos minerados definem skills operacionais e produtividade.,"Empacotar e orquestrar especialistas por Agents SDK com tools/MCP, handoffs/agents-as-tools, guardrails e tracing.",src/mcp/skill-runtime.ts;src/mcp/registry.ts;src/mcp/skill-semantics.ts,8adab704e4f90f9f19bb07e8f350ca2573fa6993,https://openai.github.io/openai-agents-python/tools/,PENDING_AGENT_SDK_INTEGRATION_TESTS,not_implemented,Planejamento; coordenação; execução; monitoramento; adaptação; evidência.,Contexto; priorização; coordenação; retomada; replanejamento; verificação.,PENDING_TRIANGULATION,PENDING_RESEARCH,PENDING_RESEARCH,PENDING_RESEARCH,PENDING_RESEARCH,D_PRODUCT_DECISION+B_PRIMARY_SDK_DOC,Agents SDK Integration · Habilidades Agênticas,Manager/Copilot → agent-as-tool ou handoff → skill especializada → evidence/guardrail → canonical state.,PENDING_TRIANGULATION,PENDING_TRIANGULATION,Externalizar coordenação e continuidade para o sistema sem substituir gates determinísticos.,Agents SDK Integration · Habilidades Agênticas,Manager/Copilot → agent-as-tool ou handoff → skill especializada → evidence/guardrail → canonical state.,OpenAI Agents SDK + src/mcp/skill-runtime.ts;src/mcp/registry.ts;src/mcp/skill-semantics.ts,"Capacidade existente deve ser preservada e envelopada pela camada Agents SDK, não reescrita como chat autônomo.",D_PRODUCT_DECISION+B_PRIMARY_SDK,approved_requirement,approved_architecture,"Requisito-filho de REQ-016. Skill Runtime/MCP/registry já existem; documentos minerados definem skills operacionais e produtividade. Empacotar e orquestrar especialistas por Agents SDK com tools/MCP, handoffs/agents-as-tools, guardrails e tracing.",P2,04,P0-FINAL-01,"Empacotar e orquestrar especialistas por Agents SDK com tools/MCP, handoffs/agents-as-tools, guardrails e tracing. Concluído, integrado ao estado canônico e coberto por teste automatizado.",O comportamento já implementado (Skill Runtime/MCP/registry já existem; documentos minerados definem skills operacionais e produtividade.) permanece intacto; o gap descrito é fechado sem duplicar fonte de estado; suíte PENDING_AGENT_SDK_INTEGRATION_TESTS estendida para cobrir o gap; revisão confirma que a extensão não introduz um segundo caminho de verdade para Agents SDK Integration · Habilidades Agênticas.
2.2.0,P0-FINAL-01,deliverable,OPS-CHAIN-003,,Canonical Work Model,Operações · Modelo canônico,"Fixar uma única estrutura de objetos e relações para projeto, valor, entregáveis, tarefas, ações, dependências, workflows, contexto cognitivo, ciclos, capacidade, DoD e evidência.",partial_code,approved_p0,P0,uploaded_document,p0_final_deliverable,,Conceito documentado: uma árvore de decomposição; DAG de dependências; um único thread de execução; dependência > agrupamento cognitivo; técnicas como projeções do mesmo modelo.,Transformar o contrato metodológico em schema canônico versionado e testes de invariantes; resolver o conflito da unidade EB antes de congelar o contrato temporal.,src/domain/execution.ts;src/domain/canonical-state.ts;src/fractal/domain/execution-structure.ts,8adab704e4f90f9f19bb07e8f350ca2573fa6993,,PARTIAL_EXISTING+PENDING_P0_ACCEPTANCE,not_verified,Planejamento; execução; monitoramento; adaptação; governança; evidência.,Estruturar; priorizar; sequenciar; executar; monitorar; replanejar; verificar.,PENDING_TRIANGULATION,PENDING_RESEARCH,PENDING_RESEARCH,PENDING_RESEARCH,PENDING_RESEARCH,D_PRODUCT_CONTRACT,Canonical Work Model,"Fixar uma única estrutura de objetos e relações para projeto, valor, entregáveis, tarefas, ações, dependências, workflows, contexto cognitivo, ciclos, capacidade, DoD e evidência.",PENDING_TRIANGULATION,PENDING_TRIANGULATION,"Externalizar estrutura, estado, orientação e decisão recorrente para o sistema.",Canonical Work Model,"Fixar uma única estrutura de objetos e relações para projeto, valor, entregáveis, tarefas, ações, dependências, workflows, contexto cognitivo, ciclos, capacidade, DoD e evidência.",src/domain/execution.ts;src/domain/canonical-state.ts;src/fractal/domain/execution-structure.ts,"Schema canônico versionado aprovado + migrations/domain types compatíveis + testes provando que Gantt, Kanban, Now/Next/Later, C72 e CognitiveBatch são projeções/seletores e não fontes paralelas.",D_PRODUCT_CONTRACT,approved_p0,selected_for_p0,Último pacote P0 formalizado em 19/08/2026 a partir dos documentos anexados.,P0,01,,"Schema canônico versionado aprovado + migrations/domain types compatíveis + testes provando que Gantt, Kanban, Now/Next/Later, C72 e CognitiveBatch são projeções/seletores e não fontes paralelas.",1) uma autoridade para parent/child; 2) dependências separadas da hierarquia; 3) workflow e cognitive_context como relações; 4) projeções não criam estado paralelo; 5) IDs estáveis; 6) invariantes cobertas por testes.
2.2.0,P0-FINAL-02,deliverable,PRD-EXEC-DISPATCH-004,,Adaptive Execution Dispatcher,Execução · Dispatcher adaptativo,Converter plano não linear em uma única próxima ação válida usando restrições duras e ranking por fluxo/contexto.,partial_code,approved_p0,P0,uploaded_document,p0_final_deliverable,,"Dispatcher e re-routing já existem no repositório em forma parcial/funcional: elegibilidade, capacidade, Flow/Context e seleção de Best Next Action.","Congelar contrato Progress Points × Flow Score × Context Score; ligar input de tempo, restrições e feedback de execução ao estado canônico; cobrir níveis L0/L1/L2 e regressões.",src/fractal/selectors/execution-dispatcher.ts;src/fractal/selectors/apply-dispatch.ts,8adab704e4f90f9f19bb07e8f350ca2573fa6993,,PARTIAL_EXISTING+PENDING_P0_ACCEPTANCE,not_verified,Planejamento; execução; monitoramento; adaptação; governança; evidência.,Estruturar; priorizar; sequenciar; executar; monitorar; replanejar; verificar.,PENDING_TRIANGULATION,PENDING_RESEARCH,PENDING_RESEARCH,PENDING_RESEARCH,PENDING_RESEARCH,D_PRODUCT_CONTRACT,Adaptive Execution Dispatcher,Converter plano não linear em uma única próxima ação válida usando restrições duras e ranking por fluxo/contexto.,PENDING_TRIANGULATION,PENDING_TRIANGULATION,"Externalizar estrutura, estado, orientação e decisão recorrente para o sistema.",Adaptive Execution Dispatcher,Converter plano não linear em uma única próxima ação válida usando restrições duras e ranking por fluxo/contexto.,src/fractal/selectors/execution-dispatcher.ts;src/fractal/selectors/apply-dispatch.ts,"Dispatcher determinístico aprovado por testes de dependência, capacidade, WIP, ranking, interrupção e reroute; PLAN permanece estável enquanto ROUTE é recalculada.",D_PRODUCT_CONTRACT,approved_p0,selected_for_p0,Último pacote P0 formalizado em 19/08/2026 a partir dos documentos anexados.,P0,02,P0-FINAL-01,"Dispatcher determinístico aprovado por testes de dependência, capacidade, WIP, ranking, interrupção e reroute; PLAN permanece estável enquanto ROUTE é recalculada.",Eligible = Ready ∩ DependenciesSatisfied ∩ FitsCapacity ∩ WIPAvailable ∩ CurrentCycle; bloqueado nunca é promovido por score; BestNext ordena somente elegíveis; conclusão verificada atualiza progresso; Re-Plan preserva PLAN.
2.2.0,P0-FINAL-03,deliverable,PRD-EXEC-CYCLE-005,,Cycle 72 Execution Contract,Operações · Ciclo 72h,"Fixar a unidade repetível de execução: ciclo 72h, três unidades diárias, três entregáveis, três workflows Prepare→Execute→Verify e duas janelas temporais de orientação.",partial_code,approved_p0,P0,uploaded_document,p0_final_deliverable,,Arquitetura e UX documentadas: Cycle Outcome; D1/D2/D3; Yesterday/Today/Tomorrow; Done/Now/Next; flexibilidade limitada ao CurrentCycle; 100 Progress Points por ciclo.,"Materializar Cycle72 como contrato de domínio/persistência e integrar pesos/progresso, daily deliverables, workflow shell, rolling wave e gates ao runtime atual.",src/domain/execution.ts;src/fractal/domain/fractal-plan.ts;src/mcp/execution-state-engine.ts,8adab704e4f90f9f19bb07e8f350ca2573fa6993,,PARTIAL_EXISTING+PENDING_P0_ACCEPTANCE,not_verified,Planejamento; execução; monitoramento; adaptação; governança; evidência.,Estruturar; priorizar; sequenciar; executar; monitorar; replanejar; verificar.,PENDING_TRIANGULATION,PENDING_RESEARCH,PENDING_RESEARCH,PENDING_RESEARCH,PENDING_RESEARCH,D_PRODUCT_CONTRACT,Cycle 72 Execution Contract,"Fixar a unidade repetível de execução: ciclo 72h, três unidades diárias, três entregáveis, três workflows Prepare→Execute→Verify e duas janelas temporais de orientação.",PENDING_TRIANGULATION,PENDING_TRIANGULATION,"Externalizar estrutura, estado, orientação e decisão recorrente para o sistema.",Cycle 72 Execution Contract,"Fixar a unidade repetível de execução: ciclo 72h, três unidades diárias, três entregáveis, três workflows Prepare→Execute→Verify e duas janelas temporais de orientação.",src/domain/execution.ts;src/fractal/domain/fractal-plan.ts;src/mcp/execution-state-engine.ts,Cycle72 persistido e selecionável; dispatcher opera dentro do CurrentCycle; UI consegue derivar ontem/hoje/amanhã e feito/agora/próximo do mesmo estado; Gate encerra ciclo somente com DoD/evidência requeridos.,D_PRODUCT_CONTRACT,approved_p0,selected_for_p0,Último pacote P0 formalizado em 19/08/2026 a partir dos documentos anexados.,P0,03,P0-FINAL-01;P0-FINAL-02,Cycle72 persistido e selecionável; dispatcher opera dentro do CurrentCycle; UI consegue derivar ontem/hoje/amanhã e feito/agora/próximo do mesmo estado; Gate encerra ciclo somente com DoD/evidência requeridos.,"1 Cycle = 3 execution units = 3 daily deliverables = 3 workflow instances; workflow shell é Prepare→Execute→Verify; progresso pertence ao ciclo; flexibilidade não cruza ciclo automaticamente; Yesterday/Today/Tomorrow e Done/Now/Next são projeções, não estados paralelos."
2.2.0,P0-FINAL-04,deliverable,UX-UI-CONTRACT,,UX/UI Acceptance Contract,Design · UX/UI,"Transformar UX/UI em contrato verificável: clareza, hierarquia, consistência, feedback, controle, acessibilidade, responsividade e sistema.",partial_code,approved_p0,P0,uploaded_document,p0_final_deliverable,,"Síntese documentada das invariantes e critérios mensuráveis: contraste, foco, touch target, reflow, movimento funcional, tokens e reconhecimento > memória.","Converter invariantes em checks automatizados e DoD por componente/screen; ligar regras a tokens, states e testes.",tests/unit/fractal-accessibility-contract.test.ts;src/design-system,8adab704e4f90f9f19bb07e8f350ca2573fa6993,,PARTIAL_EXISTING+PENDING_P0_ACCEPTANCE,not_verified,Planejamento; execução; monitoramento; adaptação; governança; evidência.,Estruturar; priorizar; sequenciar; executar; monitorar; replanejar; verificar.,PENDING_TRIANGULATION,PENDING_RESEARCH,PENDING_RESEARCH,PENDING_RESEARCH,PENDING_RESEARCH,D_PRODUCT_CONTRACT,UX/UI Acceptance Contract,"Transformar UX/UI em contrato verificável: clareza, hierarquia, consistência, feedback, controle, acessibilidade, responsividade e sistema.",PENDING_TRIANGULATION,PENDING_TRIANGULATION,"Externalizar estrutura, estado, orientação e decisão recorrente para o sistema.",UX/UI Acceptance Contract,"Transformar UX/UI em contrato verificável: clareza, hierarquia, consistência, feedback, controle, acessibilidade, responsividade e sistema.",tests/unit/fractal-accessibility-contract.test.ts;src/design-system,Cada screen P0 passa checklist RULE→TOKEN→COMPONENT→STATE→TEST→ACCEPTANCE e não depende de memória do usuário para estado/contexto essencial.,D_PRODUCT_CONTRACT,approved_p0,selected_for_p0,Último pacote P0 formalizado em 19/08/2026 a partir dos documentos anexados.,P0,04,P0-FINAL-02;P0-FINAL-03,Cada screen P0 passa checklist RULE→TOKEN→COMPONENT→STATE→TEST→ACCEPTANCE e não depende de memória do usuário para estado/contexto essencial.,WCAG 2.2 AA baseline; texto normal ≥4.5:1; texto grande ≥3:1; elementos relevantes/interativos ≥3:1 quando aplicável; target operacional interno 44–48; focus-visible; teclado; cor não é único portador de significado; reflow real.
2.2.0,P0-FINAL-05,deliverable,DS-FRACTAL-009,,Fractal Design System · Fluent Principles,Design · Engenharia Front-end,"Implementar o Fractal como design system próprio inspirado em Fluent 2: tokens→primitives→components→patterns→screens, com domínio e selectors independentes da renderização React.",partial_code,approved_p0,P0,uploaded_document,p0_final_deliverable,,"Arquitetura documentada e parte da infraestrutura já existe: tokens, Fluent provider/runtime, componentes Fractal, accessibility contract e lenses.",Consolidar reference/semantic/component tokens; reduzir componentes às primitives/patterns canônicas; garantir que progresso é derivado e que motion apenas visualiza mudanças do domínio.,src/design-system;src/components/fractal;src/components/projects/task-dashboard-views.tsx,8adab704e4f90f9f19bb07e8f350ca2573fa6993,,PARTIAL_EXISTING+PENDING_P0_ACCEPTANCE,not_verified,Planejamento; execução; monitoramento; adaptação; governança; evidência.,Estruturar; priorizar; sequenciar; executar; monitorar; replanejar; verificar.,PENDING_TRIANGULATION,PENDING_RESEARCH,PENDING_RESEARCH,PENDING_RESEARCH,PENDING_RESEARCH,D_PRODUCT_CONTRACT,Fractal Design System · Fluent Principles,"Implementar o Fractal como design system próprio inspirado em Fluent 2: tokens→primitives→components→patterns→screens, com domínio e selectors independentes da renderização React.",PENDING_TRIANGULATION,PENDING_TRIANGULATION,"Externalizar estrutura, estado, orientação e decisão recorrente para o sistema.",Fractal Design System · Fluent Principles,"Implementar o Fractal como design system próprio inspirado em Fluent 2: tokens→primitives→components→patterns→screens, com domínio e selectors independentes da renderização React.",src/design-system;src/components/fractal;src/components/projects/task-dashboard-views.tsx,As telas P0 usam o mesmo conjunto de tokens/primitives/components; domain state→selectors→React; sem progresso duplicado; estados rest/hover/focus/pressed/selected/current/disabled/complete/blocked consistentes.,D_PRODUCT_CONTRACT,approved_p0,selected_for_p0,Último pacote P0 formalizado em 19/08/2026 a partir dos documentos anexados.,P0,05,P0-FINAL-04,As telas P0 usam o mesmo conjunto de tokens/primitives/components; domain state→selectors→React; sem progresso duplicado; estados rest/hover/focus/pressed/selected/current/disabled/complete/blocked consistentes.,"DTCG/reference→semantic→component tokens; FractalNode central; ProgressSpine, CycleTriptych, WorkflowRail, ActionCard e CompletionCascade; nenhum componente calcula regra de domínio; target ≥44px; motion tokenizado e reduced-motion."
